,study,ecosystem,population,latitude,longitude,acc_temp_1,acc_temp_2,limit_1,limit_2,ARR,limit_type,upper_lower,sex,mean_temp,temp_range,acc_time,taxon,phylum,common_name,model_arr,lat_slope,range_slope,lim_slope
1,Llewelyn_et_al_2017,terrestrial,HR,-19.03,146.25,23,26,38.95526,38.8125,-0.047586667,CTmax,upper,female,20.025,16.5,2,53,3,21,-0.047586667,-0.045508772,0.017586441,-0.082246983
2,Llewelyn_et_al_2017,terrestrial,HR,-19.03,146.25,23,26,38.96531,38.92424,-0.01369,CTmax,upper,male,20.025,16.5,2,53,3,21,-0.01369,-0.045508772,0.017586441,-0.082246983
3,Llewelyn_et_al_2017,terrestrial,P,-19.6,146.8,23,26,39.26471,39.11667,-0.049346667,CTmax,upper,female,24.375,17.975,2,53,3,21,-0.049346667,-0.045508772,0.017586441,-0.082246983
4,Llewelyn_et_al_2017,terrestrial,P,-19.6,146.8,23,26,39.03571,39.15556,0.03995,CTmax,upper,male,24.375,17.975,2,53,3,21,0.03995,-0.045508772,0.017586441,-0.082246983
8,Diamond_et_al_2018,terrestrial,Cin_rural,39.17062716,-84.56639672,21,29,47.8,47.33333333,-0.058333334,CTmax,upper,female,12.37666667,33.6775,2,103,2,3,-0.056666667,-0.04068836,-0.112661972,-0.00977822
18,Diamond_et_al_2018,terrestrial,Cin_rural,39.17062716,-84.56639672,21,29,7.166666667,6.75,-0.052083333,CTmin,lower,female,12.37666667,33.6775,2,103,2,3,0.025,-0.04068836,-0.112661972,-0.00977822
28,Diamond_et_al_2018,terrestrial,Cin_rural,39.17062716,-84.56639672,21,29,46.71428571,47.575,0.107589286,CTmax,upper,uncertain,12.37666667,33.6775,2,103,2,3,0.091498909,-0.04068836,-0.112661972,-0.00977822
38,Diamond_et_al_2018,terrestrial,Cin_rural,39.17062716,-84.56639672,21,29,5.821052632,5.6125,-0.026069079,CTmin,lower,uncertain,12.37666667,33.6775,2,103,2,3,0.001469329,-0.04068836,-0.112661972,-0.00977822
48,Diamond_et_al_2018,terrestrial,Cin_urban,39.14146592,-84.5232195,21,29,46.8,47.25,0.05625,CTmax,upper,female,12.54486111,33.64875,2,103,2,3,0.025,-0.04068836,-0.112661972,-0.00977822
58,Diamond_et_al_2018,terrestrial,Cin_urban,39.14146592,-84.5232195,21,29,5.6,6,0.05,CTmin,lower,female,12.54486111,33.64875,2,103,2,3,-0.124285714,-0.04068836,-0.112661972,-0.00977822
68,Diamond_et_al_2018,terrestrial,Cin_urban,39.14146592,-84.5232195,21,29,46.78481013,47.26315789,0.05979347,CTmax,upper,uncertain,12.54486111,33.64875,2,103,2,3,0.083349482,-0.04068836,-0.112661972,-0.00977822
78,Diamond_et_al_2018,terrestrial,Cin_urban,39.14146592,-84.5232195,21,29,4.2125,4.864864865,0.081545608,CTmin,lower,uncertain,12.54486111,33.64875,2,103,2,3,0.132111487,-0.04068836,-0.112661972,-0.00977822
88,Diamond_et_al_2018,terrestrial,Cle_rural,41.55624395,-81.36534927,21,29,47.2,47.8,0.075,CTmax,upper,female,9.546666667,31.80571429,2,103,2,3,0.088571428,-0.04068836,-0.112661972,-0.00977822
98,Diamond_et_al_2018,terrestrial,Cle_rural,41.55624395,-81.36534927,21,29,4.666666667,5.4,0.091666667,CTmin,lower,female,9.546666667,31.80571429,2,103,2,3,0.123333333,-0.04068836,-0.112661972,-0.00977822
108,Diamond_et_al_2018,terrestrial,Cle_rural,41.55624395,-81.36534927,21,29,46.875,47.43333333,0.069791666,CTmax,upper,uncertain,9.546666667,31.80571429,2,103,2,3,0.084464237,-0.04068836,-0.112661972,-0.00977822
118,Diamond_et_al_2018,terrestrial,Cle_rural,41.55624395,-81.36534927,21,29,2.101123596,5.022222222,0.365137328,CTmin,lower,uncertain,9.546666667,31.80571429,2,103,2,3,0.397776529,-0.04068836,-0.112661972,-0.00977822
128,Diamond_et_al_2018,terrestrial,Cle_urban,41.5115159,-81.60795594,21,29,47.5,48,0.0625,CTmax,upper,female,10.36766667,32.20766667,2,103,2,3,0.061904762,-0.04068836,-0.112661972,-0.00977822
138,Diamond_et_al_2018,terrestrial,Cle_urban,41.5115159,-81.60795594,21,29,6,7.857142857,0.232142857,CTmin,lower,female,10.36766667,32.20766667,2,103,2,3,0.222857143,-0.04068836,-0.112661972,-0.00977822
148,Diamond_et_al_2018,terrestrial,Cle_urban,41.5115159,-81.60795594,21,29,46.98958333,47.8045977,0.101876796,CTmax,upper,uncertain,10.36766667,32.20766667,2,103,2,3,0.116887315,-0.04068836,-0.112661972,-0.00977822
158,Diamond_et_al_2018,terrestrial,Cle_urban,41.5115159,-81.60795594,21,29,4.315789474,6.942528736,0.328342408,CTmin,lower,uncertain,10.36766667,32.20766667,2,103,2,3,0.31768111,-0.04068836,-0.112661972,-0.00977822
168,Diamond_et_al_2018,terrestrial,Knx_rural,35.74581486,-83.82361927,21,29,47.66666667,47.4,-0.033333334,CTmax,upper,female,14.44474359,29.66205128,2,103,2,3,-0.031428572,-0.04068836,-0.112661972,-0.00977822
178,Diamond_et_al_2018,terrestrial,Knx_rural,35.74581486,-83.82361927,21,29,7,9.428571429,0.303571429,CTmin,lower,female,14.44474359,29.66205128,2,103,2,3,0.352857143,-0.04068836,-0.112661972,-0.00977822
188,Diamond_et_al_2018,terrestrial,Knx_rural,35.74581486,-83.82361927,21,29,47.48684211,47.95402299,0.05839761,CTmax,upper,uncertain,14.44474359,29.66205128,2,103,2,3,0.077324149,-0.04068836,-0.112661972,-0.00977822
198,Diamond_et_al_2018,terrestrial,Knx_rural,35.74581486,-83.82361927,21,29,3.973684211,7.512195122,0.442313864,CTmin,lower,uncertain,14.44474359,29.66205128,2,103,2,3,0.461246184,-0.04068836,-0.112661972,-0.00977822
208,Diamond_et_al_2018,terrestrial,Knx_urban,35.90566913,-83.95320703,21,29,46.75,47.6,0.10625,CTmax,upper,female,14.93666667,29.83375,2,103,2,3,0.081666666,-0.04068836,-0.112661972,-0.00977822
218,Diamond_et_al_2018,terrestrial,Knx_urban,35.90566913,-83.95320703,21,29,7.666666667,11.2,0.441666667,CTmin,lower,female,14.93666667,29.83375,2,103,2,3,0.440833333,-0.04068836,-0.112661972,-0.00977822
228,Diamond_et_al_2018,terrestrial,Knx_urban,35.90566913,-83.95320703,21,29,47.23076923,48.38356164,0.144099051,CTmax,upper,uncertain,14.93666667,29.83375,2,103,2,3,0.156370659,-0.04068836,-0.112661972,-0.00977822
238,Diamond_et_al_2018,terrestrial,Knx_urban,35.90566913,-83.95320703,21,29,5.506493506,10.13043478,0.577992659,CTmin,lower,uncertain,14.93666667,29.83375,2,103,2,3,0.592840556,-0.04068836,-0.112661972,-0.00977822
245,Llewelyn_et_al_2017,terrestrial,HR,-19.03,146.25,23,26,38.95526,38.8125,-0.047586667,CTmax,upper,female,20.025,16.5,2,53,3,21,-0.047586667,-0.045508772,0.017586441,-0.082246983
246,Llewelyn_et_al_2017,terrestrial,HR,-19.03,146.25,23,26,38.96531,38.92424,-0.01369,CTmax,upper,male,20.025,16.5,2,53,3,21,-0.01369,-0.045508772,0.017586441,-0.082246983
247,Llewelyn_et_al_2017,terrestrial,P,-19.6,146.8,23,26,39.26471,39.11667,-0.049346667,CTmax,upper,female,24.375,17.975,2,53,3,21,-0.049346667,-0.045508772,0.017586441,-0.082246983
248,Llewelyn_et_al_2017,terrestrial,P,-19.6,146.8,23,26,39.03571,39.15556,0.03995,CTmax,upper,male,24.375,17.975,2,53,3,21,0.03995,-0.045508772,0.017586441,-0.082246983
250,Fernando_et_al_2016,freshwater,Fourche,34.928639,-93.361688,25,35,39.8,43.9,0.41,CTmax,upper,uncertain,16.52,32.48,1,12,3,10,0.41,-0.010226868,-0.004828892,8.11E-05
253,Fernando_et_al_2016,freshwater,Rockefeller,29.702907,-92.745953,25,35,39.7,44.38,0.468,CTmax,upper,uncertain,21,20.375,1,12,3,10,0.468,-0.010226868,-0.004828892,8.11E-05
256,Fernando_et_al_2016,freshwater,Tupelo,31.426799,-91.455487,25,35,39.8,44.08,0.428,CTmax,upper,uncertain,19.2,26.9,1,12,3,10,0.428,-0.010226868,-0.004828892,8.11E-05
258,Chen_et_al_2001,terrestrial,Chukou,23.45,120.605,22,32,42.42424,43.95455,0.153031,CTmax,upper,uncertain,21.325,17.5,1,14,3,11,0.153031,-0.186132366,-0.210568205,-0.101119533
259,Chen_et_al_2001,terrestrial,Jentse,24.553,121.5,22,32,44.45455,43.93182,-0.052273,CTmax,upper,uncertain,19.25,18.475,1,14,3,11,-0.052273,-0.186132366,-0.210568205,-0.101119533
260,Kelley_et_al_2011,ocean,BC,49.038333,-125.203333,6,23,31.7,35.5,0.223529412,CTmax,upper,uncertain,10.4989996,17.36500001,1,18,2,16,0.223529412,0.012155145,0.01008228,-0.045098039
261,Kelley_et_al_2011,ocean,CA,37.907728,-122.6721,6,23,34.7,36.2,0.088235294,CTmax,upper,uncertain,13.04899979,3.946000099,1,18,2,16,0.088235294,0.012155145,0.01008228,-0.045098039
262,Dong_et_al_2015,intertidal,Dagong_Island,35.96667,120.5,25,30,42.43902,41.77507,-0.13279,CTmax,upper,uncertain,13.3,29.6,1,19,6,20,-0.13279,-0.004357404,-0.004723853,0.097434054
263,Dong_et_al_2015,intertidal,Nanding_Island,24.15,117.9833,25,30,42.96748,42.56098,-0.0813,CTmax,upper,uncertain,22.3,18.7,1,19,6,20,-0.0813,-0.004357404,-0.004723853,0.097434054
266,Darveau_et_al_2012,freshwater,Atlin_warm_spring,59.40388333,-133.5753361,5,25,0.214285714,8.285714286,0.403571429,CTmin,lower,uncertain,0.75,31,1,23,3,19,0.328095238,-7.89E-05,-0.005041511,-0.001374643
272,Darveau_et_al_2012,freshwater,Atlin_warm_spring,59.40388333,-133.5753361,5,25,25.84557439,35.70621469,0.493032015,CTmax,upper,uncertain,0.75,31,1,23,3,19,0.509905838,-7.89E-05,-0.005041511,-0.001374643
278,Darveau_et_al_2012,freshwater,green_lake,51.37627778,-121.2630472,5,25,-0.119047619,4.785714286,0.245238095,CTmin,lower,uncertain,4.733333333,32.76666667,1,23,3,19,0.19952381,-7.89E-05,-0.005041511,-0.001374643
284,Darveau_et_al_2012,freshwater,green_lake,51.37627778,-121.2630472,5,25,26.16195857,35.41619586,0.462711865,CTmax,upper,uncertain,4.733333333,32.76666667,1,23,3,19,0.487231638,-7.89E-05,-0.005041511,-0.001374643
290,Darveau_et_al_2012,freshwater,liard_hot_spring,59.428525,-126.0884222,5,25,0.30952381,6.119047619,0.29047619,CTmin,lower,uncertain,0.4375,39.325,1,23,3,19,0.254285714,-7.89E-05,-0.005041511,-0.001374643
296,Darveau_et_al_2012,freshwater,liard_hot_spring,59.428525,-126.0884222,5,25,26.76836158,35.94350282,0.458757062,CTmax,upper,uncertain,0.4375,39.325,1,23,3,19,0.463502825,-7.89E-05,-0.005041511,-0.001374643
298,Darveau_et_al_2012,freshwater,liard_hot_spring,59.428525,-126.0884222,10,25,27.45386064,35.94350282,0.565976145,CTmax,upper,uncertain,0.4375,39.325,1,23,3,19,0.463502825,-7.89E-05,-0.005041511,-0.001374643
300,Wood_et_al_2014,ocean,Kalmar,56.651083,16.33902,12,18,21.6,27.966,1.061,CTmax,upper,uncertain,9.597999573,18.56999958,1,44,2,17,1.061,0.173876792,-0.140561168,-0.216022925
301,Wood_et_al_2014,ocean,Malmo,55.570299,12.896592,12,18,25.629,26.738,0.184833333,CTmax,upper,uncertain,9.895999908,17.81599963,1,44,2,17,0.184833333,0.173876792,-0.140561168,-0.216022925
302,Wood_et_al_2014,ocean,Oregrund,60.348682,18.453861,12,18,20.784,28.153,1.228166667,CTmax,upper,uncertain,7.222000122,15.21299988,1,44,2,17,1.228166667,0.173876792,-0.140561168,-0.216022925
305,Underwood_et_al_2012,freshwater,Lake_Nanita,40.25667,-105.71667,10,20,27.7,29.1,0.14,CTmax,upper,uncertain,-0.5,35.025,2,76,3,10,0.14,-0.015210683,0.001310616,0.00755814
308,Underwood_et_al_2012,freshwater,Trapper_Creek,39.62333,-108.00833,10,20,28,29.6,0.16,CTmax,upper,uncertain,5,38.35,2,76,3,10,0.16,-0.015210683,0.001310616,0.00755814
310,Barria_et_al_2017,terrestrial,Carrera_Pinto,-27.1,-69.883,10,20,38.664,39.618,0.0954,CTmax,upper,uncertain,15.3,20.7,1,85,3,11,0.0954,-0.006915129,-0.073490196,-0.032100034
311,Barria_et_al_2017,terrestrial,El_Caulle,-40.65,-72.167,10,20,35.745,37.636,0.1891,CTmax,upper,uncertain,10.3,19.425,1,85,3,11,0.1891,-0.006915129,-0.073490196,-0.032100034
312,Manis_and_Claussen_1986,terrestrial,Kentucky,37.56666667,-84.3,15,20,27.3,36.7,1.88,CTmax,upper,uncertain,13.525,31.175,2,96,3,11,1.88,-0.101763238,-0.152985438,-0.097217069
313,Manis_and_Claussen_1986,terrestrial,Michigan,42.75,-83.21666667,15,20,27.1,33.9,1.36,CTmax,upper,uncertain,8.8,34.6,2,96,3,11,1.36,-0.101763238,-0.152985438,-0.097217069
314,Manis_and_Claussen_1986,terrestrial,NY-R,42.51666667,-74.11666667,15,20,26.1,33.8,1.54,CTmax,upper,uncertain,7.875,34.425,2,96,3,11,1.54,-0.101763238,-0.152985438,-0.097217069
315,Manis_and_Claussen_1986,terrestrial,Ohio,38.8,-83.4,15,20,26,35.9,1.98,CTmax,upper,uncertain,12.575,32.525,2,96,3,11,1.98,-0.101763238,-0.152985438,-0.097217069
318,Yu_et_al_2018,freshwater,Gaizhou,40.4,122.75,14,29,32.4,35.75,0.223333333,CTmax,upper,uncertain,9.225,42.1,1,98,3,10,0.2022,-0.010439122,-0.010728205,0.010376984
324,Yu_et_al_2018,freshwater,Gaizhou,40.4,122.75,14,29,0,3.76,0.250666667,CTmin,lower,uncertain,9.225,42.1,1,98,3,10,0.2516,-0.010439122,-0.010728205,0.010376984
330,Yu_et_al_2018,freshwater,Hangzhou,30.38,120.15,14,29,32.39,35.71,0.221333333,CTmax,upper,uncertain,17.5,32.35,1,98,3,10,0.2026,-0.010439122,-0.010728205,0.010376984
336,Yu_et_al_2018,freshwater,Hangzhou,30.38,120.15,14,29,0,5.27,0.351333333,CTmin,lower,uncertain,17.5,32.35,1,98,3,10,0.3562,-0.010439122,-0.010728205,0.010376984
340,Diamond_et_al_2018,terrestrial,Cin_rural,39.17062716,-84.56639672,21,23,47.8,47.2,-0.3,CTmax,upper,female,12.37666667,33.6775,2,103,2,3,-0.056666667,-0.04068836,-0.112661972,-0.00977822
341,Diamond_et_al_2018,terrestrial,Cin_rural,39.17062716,-84.56639672,21,25,47.8,47.5,-0.075,CTmax,upper,female,12.37666667,33.6775,2,103,2,3,-0.056666667,-0.04068836,-0.112661972,-0.00977822
342,Diamond_et_al_2018,terrestrial,Cin_rural,39.17062716,-84.56639672,21,27,47.8,47,-0.133333333,CTmax,upper,female,12.37666667,33.6775,2,103,2,3,-0.056666667,-0.04068836,-0.112661972,-0.00977822
343,Diamond_et_al_2018,terrestrial,Cin_rural,39.17062716,-84.56639672,21,29,47.8,47.33333333,-0.058333334,CTmax,upper,female,12.37666667,33.6775,2,103,2,3,-0.056666667,-0.04068836,-0.112661972,-0.00977822
344,Diamond_et_al_2018,terrestrial,Cin_rural,39.17062716,-84.56639672,23,25,47.2,47.5,0.15,CTmax,upper,female,12.37666667,33.6775,2,103,2,3,-0.056666667,-0.04068836,-0.112661972,-0.00977822
345,Diamond_et_al_2018,terrestrial,Cin_rural,39.17062716,-84.56639672,23,27,47.2,47,-0.05,CTmax,upper,female,12.37666667,33.6775,2,103,2,3,-0.056666667,-0.04068836,-0.112661972,-0.00977822
346,Diamond_et_al_2018,terrestrial,Cin_rural,39.17062716,-84.56639672,23,29,47.2,47.33333333,0.022222222,CTmax,upper,female,12.37666667,33.6775,2,103,2,3,-0.056666667,-0.04068836,-0.112661972,-0.00977822
347,Diamond_et_al_2018,terrestrial,Cin_rural,39.17062716,-84.56639672,25,27,47.5,47,-0.25,CTmax,upper,female,12.37666667,33.6775,2,103,2,3,-0.056666667,-0.04068836,-0.112661972,-0.00977822
348,Diamond_et_al_2018,terrestrial,Cin_rural,39.17062716,-84.56639672,25,29,47.5,47.33333333,-0.041666667,CTmax,upper,female,12.37666667,33.6775,2,103,2,3,-0.056666667,-0.04068836,-0.112661972,-0.00977822
349,Diamond_et_al_2018,terrestrial,Cin_rural,39.17062716,-84.56639672,27,29,47,47.33333333,0.166666665,CTmax,upper,female,12.37666667,33.6775,2,103,2,3,-0.056666667,-0.04068836,-0.112661972,-0.00977822
350,Diamond_et_al_2018,terrestrial,Cin_rural,39.17062716,-84.56639672,21,23,7.166666667,6.666666667,-0.25,CTmin,lower,female,12.37666667,33.6775,2,103,2,3,0.025,-0.04068836,-0.112661972,-0.00977822
351,Diamond_et_al_2018,terrestrial,Cin_rural,39.17062716,-84.56639672,21,25,7.166666667,7.333333333,0.041666666,CTmin,lower,female,12.37666667,33.6775,2,103,2,3,0.025,-0.04068836,-0.112661972,-0.00977822
352,Diamond_et_al_2018,terrestrial,Cin_rural,39.17062716,-84.56639672,21,27,7.166666667,8,0.138888889,CTmin,lower,female,12.37666667,33.6775,2,103,2,3,0.025,-0.04068836,-0.112661972,-0.00977822
353,Diamond_et_al_2018,terrestrial,Cin_rural,39.17062716,-84.56639672,21,29,7.166666667,6.75,-0.052083333,CTmin,lower,female,12.37666667,33.6775,2,103,2,3,0.025,-0.04068836,-0.112661972,-0.00977822
354,Diamond_et_al_2018,terrestrial,Cin_rural,39.17062716,-84.56639672,23,25,6.666666667,7.333333333,0.333333333,CTmin,lower,female,12.37666667,33.6775,2,103,2,3,0.025,-0.04068836,-0.112661972,-0.00977822
355,Diamond_et_al_2018,terrestrial,Cin_rural,39.17062716,-84.56639672,23,27,6.666666667,8,0.333333333,CTmin,lower,female,12.37666667,33.6775,2,103,2,3,0.025,-0.04068836,-0.112661972,-0.00977822
356,Diamond_et_al_2018,terrestrial,Cin_rural,39.17062716,-84.56639672,23,29,6.666666667,6.75,0.013888889,CTmin,lower,female,12.37666667,33.6775,2,103,2,3,0.025,-0.04068836,-0.112661972,-0.00977822
357,Diamond_et_al_2018,terrestrial,Cin_rural,39.17062716,-84.56639672,25,27,7.333333333,8,0.333333334,CTmin,lower,female,12.37666667,33.6775,2,103,2,3,0.025,-0.04068836,-0.112661972,-0.00977822
358,Diamond_et_al_2018,terrestrial,Cin_rural,39.17062716,-84.56639672,25,29,7.333333333,6.75,-0.145833333,CTmin,lower,female,12.37666667,33.6775,2,103,2,3,0.025,-0.04068836,-0.112661972,-0.00977822
359,Diamond_et_al_2018,terrestrial,Cin_rural,39.17062716,-84.56639672,27,29,8,6.75,-0.625,CTmin,lower,female,12.37666667,33.6775,2,103,2,3,0.025,-0.04068836,-0.112661972,-0.00977822
360,Diamond_et_al_2018,terrestrial,Cin_rural,39.17062716,-84.56639672,21,23,46.71428571,47.04807692,0.166895605,CTmax,upper,uncertain,12.37666667,33.6775,2,103,2,3,0.091498909,-0.04068836,-0.112661972,-0.00977822
361,Diamond_et_al_2018,terrestrial,Cin_rural,39.17062716,-84.56639672,21,25,46.71428571,47.42105263,0.17669173,CTmax,upper,uncertain,12.37666667,33.6775,2,103,2,3,0.091498909,-0.04068836,-0.112661972,-0.00977822
362,Diamond_et_al_2018,terrestrial,Cin_rural,39.17062716,-84.56639672,21,27,46.71428571,47.15662651,0.073723467,CTmax,upper,uncertain,12.37666667,33.6775,2,103,2,3,0.091498909,-0.04068836,-0.112661972,-0.00977822
363,Diamond_et_al_2018,terrestrial,Cin_rural,39.17062716,-84.56639672,21,29,46.71428571,47.575,0.107589286,CTmax,upper,uncertain,12.37666667,33.6775,2,103,2,3,0.091498909,-0.04068836,-0.112661972,-0.00977822
364,Diamond_et_al_2018,terrestrial,Cin_rural,39.17062716,-84.56639672,23,25,47.04807692,47.42105263,0.186487855,CTmax,upper,uncertain,12.37666667,33.6775,2,103,2,3,0.091498909,-0.04068836,-0.112661972,-0.00977822
365,Diamond_et_al_2018,terrestrial,Cin_rural,39.17062716,-84.56639672,23,27,47.04807692,47.15662651,0.027137398,CTmax,upper,uncertain,12.37666667,33.6775,2,103,2,3,0.091498909,-0.04068836,-0.112661972,-0.00977822
366,Diamond_et_al_2018,terrestrial,Cin_rural,39.17062716,-84.56639672,23,29,47.04807692,47.575,0.087820513,CTmax,upper,uncertain,12.37666667,33.6775,2,103,2,3,0.091498909,-0.04068836,-0.112661972,-0.00977822
367,Diamond_et_al_2018,terrestrial,Cin_rural,39.17062716,-84.56639672,25,27,47.42105263,47.15662651,-0.13221306,CTmax,upper,uncertain,12.37666667,33.6775,2,103,2,3,0.091498909,-0.04068836,-0.112661972,-0.00977822
368,Diamond_et_al_2018,terrestrial,Cin_rural,39.17062716,-84.56639672,25,29,47.42105263,47.575,0.038486843,CTmax,upper,uncertain,12.37666667,33.6775,2,103,2,3,0.091498909,-0.04068836,-0.112661972,-0.00977822
369,Diamond_et_al_2018,terrestrial,Cin_rural,39.17062716,-84.56639672,27,29,47.15662651,47.575,0.209186745,CTmax,upper,uncertain,12.37666667,33.6775,2,103,2,3,0.091498909,-0.04068836,-0.112661972,-0.00977822
370,Diamond_et_al_2018,terrestrial,Cin_rural,39.17062716,-84.56639672,21,23,5.821052632,5.529411765,-0.145820434,CTmin,lower,uncertain,12.37666667,33.6775,2,103,2,3,0.001469329,-0.04068836,-0.112661972,-0.00977822
371,Diamond_et_al_2018,terrestrial,Cin_rural,39.17062716,-84.56639672,21,25,5.821052632,5.597402597,-0.055912509,CTmin,lower,uncertain,12.37666667,33.6775,2,103,2,3,0.001469329,-0.04068836,-0.112661972,-0.00977822
372,Diamond_et_al_2018,terrestrial,Cin_rural,39.17062716,-84.56639672,21,27,5.821052632,5.975903614,0.025808497,CTmin,lower,uncertain,12.37666667,33.6775,2,103,2,3,0.001469329,-0.04068836,-0.112661972,-0.00977822
373,Diamond_et_al_2018,terrestrial,Cin_rural,39.17062716,-84.56639672,21,29,5.821052632,5.6125,-0.026069079,CTmin,lower,uncertain,12.37666667,33.6775,2,103,2,3,0.001469329,-0.04068836,-0.112661972,-0.00977822
374,Diamond_et_al_2018,terrestrial,Cin_rural,39.17062716,-84.56639672,23,25,5.529411765,5.597402597,0.033995416,CTmin,lower,uncertain,12.37666667,33.6775,2,103,2,3,0.001469329,-0.04068836,-0.112661972,-0.00977822
375,Diamond_et_al_2018,terrestrial,Cin_rural,39.17062716,-84.56639672,23,27,5.529411765,5.975903614,0.111622962,CTmin,lower,uncertain,12.37666667,33.6775,2,103,2,3,0.001469329,-0.04068836,-0.112661972,-0.00977822
376,Diamond_et_al_2018,terrestrial,Cin_rural,39.17062716,-84.56639672,23,29,5.529411765,5.6125,0.013848039,CTmin,lower,uncertain,12.37666667,33.6775,2,103,2,3,0.001469329,-0.04068836,-0.112661972,-0.00977822
377,Diamond_et_al_2018,terrestrial,Cin_rural,39.17062716,-84.56639672,25,27,5.597402597,5.975903614,0.189250509,CTmin,lower,uncertain,12.37666667,33.6775,2,103,2,3,0.001469329,-0.04068836,-0.112661972,-0.00977822
378,Diamond_et_al_2018,terrestrial,Cin_rural,39.17062716,-84.56639672,25,29,5.597402597,5.6125,0.003774351,CTmin,lower,uncertain,12.37666667,33.6775,2,103,2,3,0.001469329,-0.04068836,-0.112661972,-0.00977822
379,Diamond_et_al_2018,terrestrial,Cin_rural,39.17062716,-84.56639672,27,29,5.975903614,5.6125,-0.181701807,CTmin,lower,uncertain,12.37666667,33.6775,2,103,2,3,0.001469329,-0.04068836,-0.112661972,-0.00977822
380,Diamond_et_al_2018,terrestrial,Cin_urban,39.14146592,-84.5232195,21,23,46.8,47.8,0.5,CTmax,upper,female,12.54486111,33.64875,2,103,2,3,0.025,-0.04068836,-0.112661972,-0.00977822
381,Diamond_et_al_2018,terrestrial,Cin_urban,39.14146592,-84.5232195,21,25,46.8,47.42857143,0.157142858,CTmax,upper,female,12.54486111,33.64875,2,103,2,3,0.025,-0.04068836,-0.112661972,-0.00977822
382,Diamond_et_al_2018,terrestrial,Cin_urban,39.14146592,-84.5232195,21,27,46.8,47.4,0.1,CTmax,upper,female,12.54486111,33.64875,2,103,2,3,0.025,-0.04068836,-0.112661972,-0.00977822
383,Diamond_et_al_2018,terrestrial,Cin_urban,39.14146592,-84.5232195,21,29,46.8,47.25,0.05625,CTmax,upper,female,12.54486111,33.64875,2,103,2,3,0.025,-0.04068836,-0.112661972,-0.00977822
384,Diamond_et_al_2018,terrestrial,Cin_urban,39.14146592,-84.5232195,23,25,47.8,47.42857143,-0.185714285,CTmax,upper,female,12.54486111,33.64875,2,103,2,3,0.025,-0.04068836,-0.112661972,-0.00977822
385,Diamond_et_al_2018,terrestrial,Cin_urban,39.14146592,-84.5232195,23,27,47.8,47.4,-0.1,CTmax,upper,female,12.54486111,33.64875,2,103,2,3,0.025,-0.04068836,-0.112661972,-0.00977822
386,Diamond_et_al_2018,terrestrial,Cin_urban,39.14146592,-84.5232195,23,29,47.8,47.25,-0.091666667,CTmax,upper,female,12.54486111,33.64875,2,103,2,3,0.025,-0.04068836,-0.112661972,-0.00977822
387,Diamond_et_al_2018,terrestrial,Cin_urban,39.14146592,-84.5232195,25,27,47.42857143,47.4,-0.014285715,CTmax,upper,female,12.54486111,33.64875,2,103,2,3,0.025,-0.04068836,-0.112661972,-0.00977822
388,Diamond_et_al_2018,terrestrial,Cin_urban,39.14146592,-84.5232195,25,29,47.42857143,47.25,-0.044642857,CTmax,upper,female,12.54486111,33.64875,2,103,2,3,0.025,-0.04068836,-0.112661972,-0.00977822
389,Diamond_et_al_2018,terrestrial,Cin_urban,39.14146592,-84.5232195,27,29,47.4,47.25,-0.075,CTmax,upper,female,12.54486111,33.64875,2,103,2,3,0.025,-0.04068836,-0.112661972,-0.00977822
390,Diamond_et_al_2018,terrestrial,Cin_urban,39.14146592,-84.5232195,21,23,5.6,9,1.7,CTmin,lower,female,12.54486111,33.64875,2,103,2,3,-0.124285714,-0.04068836,-0.112661972,-0.00977822
391,Diamond_et_al_2018,terrestrial,Cin_urban,39.14146592,-84.5232195,21,25,5.6,6,0.1,CTmin,lower,female,12.54486111,33.64875,2,103,2,3,-0.124285714,-0.04068836,-0.112661972,-0.00977822
392,Diamond_et_al_2018,terrestrial,Cin_urban,39.14146592,-84.5232195,21,27,5.6,5.714285714,0.019047619,CTmin,lower,female,12.54486111,33.64875,2,103,2,3,-0.124285714,-0.04068836,-0.112661972,-0.00977822
393,Diamond_et_al_2018,terrestrial,Cin_urban,39.14146592,-84.5232195,21,29,5.6,6,0.05,CTmin,lower,female,12.54486111,33.64875,2,103,2,3,-0.124285714,-0.04068836,-0.112661972,-0.00977822
394,Diamond_et_al_2018,terrestrial,Cin_urban,39.14146592,-84.5232195,23,25,9,6,-1.5,CTmin,lower,female,12.54486111,33.64875,2,103,2,3,-0.124285714,-0.04068836,-0.112661972,-0.00977822
395,Diamond_et_al_2018,terrestrial,Cin_urban,39.14146592,-84.5232195,23,27,9,5.714285714,-0.821428572,CTmin,lower,female,12.54486111,33.64875,2,103,2,3,-0.124285714,-0.04068836,-0.112661972,-0.00977822
396,Diamond_et_al_2018,terrestrial,Cin_urban,39.14146592,-84.5232195,23,29,9,6,-0.5,CTmin,lower,female,12.54486111,33.64875,2,103,2,3,-0.124285714,-0.04068836,-0.112661972,-0.00977822
397,Diamond_et_al_2018,terrestrial,Cin_urban,39.14146592,-84.5232195,25,27,6,5.714285714,-0.142857143,CTmin,lower,female,12.54486111,33.64875,2,103,2,3,-0.124285714,-0.04068836,-0.112661972,-0.00977822
398,Diamond_et_al_2018,terrestrial,Cin_urban,39.14146592,-84.5232195,25,29,6,6,0,CTmin,lower,female,12.54486111,33.64875,2,103,2,3,-0.124285714,-0.04068836,-0.112661972,-0.00977822
399,Diamond_et_al_2018,terrestrial,Cin_urban,39.14146592,-84.5232195,27,29,5.714285714,6,0.142857143,CTmin,lower,female,12.54486111,33.64875,2,103,2,3,-0.124285714,-0.04068836,-0.112661972,-0.00977822
400,Diamond_et_al_2018,terrestrial,Cin_urban,39.14146592,-84.5232195,21,23,46.78481013,46.76470588,-0.010052125,CTmax,upper,uncertain,12.54486111,33.64875,2,103,2,3,0.083349482,-0.04068836,-0.112661972,-0.00977822
401,Diamond_et_al_2018,terrestrial,Cin_urban,39.14146592,-84.5232195,21,25,46.78481013,47.27777778,0.123241913,CTmax,upper,uncertain,12.54486111,33.64875,2,103,2,3,0.083349482,-0.04068836,-0.112661972,-0.00977822
402,Diamond_et_al_2018,terrestrial,Cin_urban,39.14146592,-84.5232195,21,27,46.78481013,47.475,0.115031645,CTmax,upper,uncertain,12.54486111,33.64875,2,103,2,3,0.083349482,-0.04068836,-0.112661972,-0.00977822
403,Diamond_et_al_2018,terrestrial,Cin_urban,39.14146592,-84.5232195,21,29,46.78481013,47.26315789,0.05979347,CTmax,upper,uncertain,12.54486111,33.64875,2,103,2,3,0.083349482,-0.04068836,-0.112661972,-0.00977822
404,Diamond_et_al_2018,terrestrial,Cin_urban,39.14146592,-84.5232195,23,25,46.76470588,47.27777778,0.25653595,CTmax,upper,uncertain,12.54486111,33.64875,2,103,2,3,0.083349482,-0.04068836,-0.112661972,-0.00977822
405,Diamond_et_al_2018,terrestrial,Cin_urban,39.14146592,-84.5232195,23,27,46.76470588,47.475,0.17757353,CTmax,upper,uncertain,12.54486111,33.64875,2,103,2,3,0.083349482,-0.04068836,-0.112661972,-0.00977822
406,Diamond_et_al_2018,terrestrial,Cin_urban,39.14146592,-84.5232195,23,29,46.76470588,47.26315789,0.083075335,CTmax,upper,uncertain,12.54486111,33.64875,2,103,2,3,0.083349482,-0.04068836,-0.112661972,-0.00977822
407,Diamond_et_al_2018,terrestrial,Cin_urban,39.14146592,-84.5232195,25,27,47.27777778,47.475,0.09861111,CTmax,upper,uncertain,12.54486111,33.64875,2,103,2,3,0.083349482,-0.04068836,-0.112661972,-0.00977822
408,Diamond_et_al_2018,terrestrial,Cin_urban,39.14146592,-84.5232195,25,29,47.27777778,47.26315789,-0.003654972,CTmax,upper,uncertain,12.54486111,33.64875,2,103,2,3,0.083349482,-0.04068836,-0.112661972,-0.00977822
409,Diamond_et_al_2018,terrestrial,Cin_urban,39.14146592,-84.5232195,27,29,47.475,47.26315789,-0.105921055,CTmax,upper,uncertain,12.54486111,33.64875,2,103,2,3,0.083349482,-0.04068836,-0.112661972,-0.00977822
410,Diamond_et_al_2018,terrestrial,Cin_urban,39.14146592,-84.5232195,21,23,4.2125,3.9,-0.15625,CTmin,lower,uncertain,12.54486111,33.64875,2,103,2,3,0.132111487,-0.04068836,-0.112661972,-0.00977822
411,Diamond_et_al_2018,terrestrial,Cin_urban,39.14146592,-84.5232195,21,25,4.2125,5.088888889,0.219097222,CTmin,lower,uncertain,12.54486111,33.64875,2,103,2,3,0.132111487,-0.04068836,-0.112661972,-0.00977822
412,Diamond_et_al_2018,terrestrial,Cin_urban,39.14146592,-84.5232195,21,27,4.2125,5.2375,0.170833333,CTmin,lower,uncertain,12.54486111,33.64875,2,103,2,3,0.132111487,-0.04068836,-0.112661972,-0.00977822
413,Diamond_et_al_2018,terrestrial,Cin_urban,39.14146592,-84.5232195,21,29,4.2125,4.864864865,0.081545608,CTmin,lower,uncertain,12.54486111,33.64875,2,103,2,3,0.132111487,-0.04068836,-0.112661972,-0.00977822
414,Diamond_et_al_2018,terrestrial,Cin_urban,39.14146592,-84.5232195,23,25,3.9,5.088888889,0.594444445,CTmin,lower,uncertain,12.54486111,33.64875,2,103,2,3,0.132111487,-0.04068836,-0.112661972,-0.00977822
415,Diamond_et_al_2018,terrestrial,Cin_urban,39.14146592,-84.5232195,23,27,3.9,5.2375,0.334375,CTmin,lower,uncertain,12.54486111,33.64875,2,103,2,3,0.132111487,-0.04068836,-0.112661972,-0.00977822
416,Diamond_et_al_2018,terrestrial,Cin_urban,39.14146592,-84.5232195,23,29,3.9,4.864864865,0.160810811,CTmin,lower,uncertain,12.54486111,33.64875,2,103,2,3,0.132111487,-0.04068836,-0.112661972,-0.00977822
417,Diamond_et_al_2018,terrestrial,Cin_urban,39.14146592,-84.5232195,25,27,5.088888889,5.2375,0.074305556,CTmin,lower,uncertain,12.54486111,33.64875,2,103,2,3,0.132111487,-0.04068836,-0.112661972,-0.00977822
418,Diamond_et_al_2018,terrestrial,Cin_urban,39.14146592,-84.5232195,25,29,5.088888889,4.864864865,-0.056006006,CTmin,lower,uncertain,12.54486111,33.64875,2,103,2,3,0.132111487,-0.04068836,-0.112661972,-0.00977822
419,Diamond_et_al_2018,terrestrial,Cin_urban,39.14146592,-84.5232195,27,29,5.2375,4.864864865,-0.186317568,CTmin,lower,uncertain,12.54486111,33.64875,2,103,2,3,0.132111487,-0.04068836,-0.112661972,-0.00977822
420,Diamond_et_al_2018,terrestrial,Cle_rural,41.55624395,-81.36534927,21,23,47.2,47,-0.1,CTmax,upper,female,9.546666667,31.80571429,2,103,2,3,0.088571428,-0.04068836,-0.112661972,-0.00977822
421,Diamond_et_al_2018,terrestrial,Cle_rural,41.55624395,-81.36534927,21,25,47.2,47.57142857,0.092857142,CTmax,upper,female,9.546666667,31.80571429,2,103,2,3,0.088571428,-0.04068836,-0.112661972,-0.00977822
422,Diamond_et_al_2018,terrestrial,Cle_rural,41.55624395,-81.36534927,21,27,47.2,47.57142857,0.061904762,CTmax,upper,female,9.546666667,31.80571429,2,103,2,3,0.088571428,-0.04068836,-0.112661972,-0.00977822
423,Diamond_et_al_2018,terrestrial,Cle_rural,41.55624395,-81.36534927,21,29,47.2,47.8,0.075,CTmax,upper,female,9.546666667,31.80571429,2,103,2,3,0.088571428,-0.04068836,-0.112661972,-0.00977822
424,Diamond_et_al_2018,terrestrial,Cle_rural,41.55624395,-81.36534927,23,25,47,47.57142857,0.285714285,CTmax,upper,female,9.546666667,31.80571429,2,103,2,3,0.088571428,-0.04068836,-0.112661972,-0.00977822
425,Diamond_et_al_2018,terrestrial,Cle_rural,41.55624395,-81.36534927,23,27,47,47.57142857,0.142857143,CTmax,upper,female,9.546666667,31.80571429,2,103,2,3,0.088571428,-0.04068836,-0.112661972,-0.00977822
426,Diamond_et_al_2018,terrestrial,Cle_rural,41.55624395,-81.36534927,23,29,47,47.8,0.133333333,CTmax,upper,female,9.546666667,31.80571429,2,103,2,3,0.088571428,-0.04068836,-0.112661972,-0.00977822
427,Diamond_et_al_2018,terrestrial,Cle_rural,41.55624395,-81.36534927,25,27,47.57142857,47.57142857,0,CTmax,upper,female,9.546666667,31.80571429,2,103,2,3,0.088571428,-0.04068836,-0.112661972,-0.00977822
428,Diamond_et_al_2018,terrestrial,Cle_rural,41.55624395,-81.36534927,25,29,47.57142857,47.8,0.057142857,CTmax,upper,female,9.546666667,31.80571429,2,103,2,3,0.088571428,-0.04068836,-0.112661972,-0.00977822
429,Diamond_et_al_2018,terrestrial,Cle_rural,41.55624395,-81.36534927,27,29,47.57142857,47.8,0.114285715,CTmax,upper,female,9.546666667,31.80571429,2,103,2,3,0.088571428,-0.04068836,-0.112661972,-0.00977822
430,Diamond_et_al_2018,terrestrial,Cle_rural,41.55624395,-81.36534927,21,23,4.666666667,4.571428571,-0.047619048,CTmin,lower,female,9.546666667,31.80571429,2,103,2,3,0.123333333,-0.04068836,-0.112661972,-0.00977822
431,Diamond_et_al_2018,terrestrial,Cle_rural,41.55624395,-81.36534927,21,25,4.666666667,4.833333333,0.041666666,CTmin,lower,female,9.546666667,31.80571429,2,103,2,3,0.123333333,-0.04068836,-0.112661972,-0.00977822
432,Diamond_et_al_2018,terrestrial,Cle_rural,41.55624395,-81.36534927,21,27,4.666666667,5.571428571,0.150793651,CTmin,lower,female,9.546666667,31.80571429,2,103,2,3,0.123333333,-0.04068836,-0.112661972,-0.00977822
433,Diamond_et_al_2018,terrestrial,Cle_rural,41.55624395,-81.36534927,21,29,4.666666667,5.4,0.091666667,CTmin,lower,female,9.546666667,31.80571429,2,103,2,3,0.123333333,-0.04068836,-0.112661972,-0.00977822
434,Diamond_et_al_2018,terrestrial,Cle_rural,41.55624395,-81.36534927,23,25,4.571428571,4.833333333,0.130952381,CTmin,lower,female,9.546666667,31.80571429,2,103,2,3,0.123333333,-0.04068836,-0.112661972,-0.00977822
435,Diamond_et_al_2018,terrestrial,Cle_rural,41.55624395,-81.36534927,23,27,4.571428571,5.571428571,0.25,CTmin,lower,female,9.546666667,31.80571429,2,103,2,3,0.123333333,-0.04068836,-0.112661972,-0.00977822
436,Diamond_et_al_2018,terrestrial,Cle_rural,41.55624395,-81.36534927,23,29,4.571428571,5.4,0.138095238,CTmin,lower,female,9.546666667,31.80571429,2,103,2,3,0.123333333,-0.04068836,-0.112661972,-0.00977822
437,Diamond_et_al_2018,terrestrial,Cle_rural,41.55624395,-81.36534927,25,27,4.833333333,5.571428571,0.369047619,CTmin,lower,female,9.546666667,31.80571429,2,103,2,3,0.123333333,-0.04068836,-0.112661972,-0.00977822
438,Diamond_et_al_2018,terrestrial,Cle_rural,41.55624395,-81.36534927,25,29,4.833333333,5.4,0.141666667,CTmin,lower,female,9.546666667,31.80571429,2,103,2,3,0.123333333,-0.04068836,-0.112661972,-0.00977822
439,Diamond_et_al_2018,terrestrial,Cle_rural,41.55624395,-81.36534927,27,29,5.571428571,5.4,-0.085714285,CTmin,lower,female,9.546666667,31.80571429,2,103,2,3,0.123333333,-0.04068836,-0.112661972,-0.00977822
440,Diamond_et_al_2018,terrestrial,Cle_rural,41.55624395,-81.36534927,21,23,46.875,46.93243243,0.028716215,CTmax,upper,uncertain,9.546666667,31.80571429,2,103,2,3,0.084464237,-0.04068836,-0.112661972,-0.00977822
441,Diamond_et_al_2018,terrestrial,Cle_rural,41.55624395,-81.36534927,21,25,46.875,47.27272727,0.099431817,CTmax,upper,uncertain,9.546666667,31.80571429,2,103,2,3,0.084464237,-0.04068836,-0.112661972,-0.00977822
442,Diamond_et_al_2018,terrestrial,Cle_rural,41.55624395,-81.36534927,21,27,46.875,47.50505051,0.105008418,CTmax,upper,uncertain,9.546666667,31.80571429,2,103,2,3,0.084464237,-0.04068836,-0.112661972,-0.00977822
443,Diamond_et_al_2018,terrestrial,Cle_rural,41.55624395,-81.36534927,21,29,46.875,47.43333333,0.069791666,CTmax,upper,uncertain,9.546666667,31.80571429,2,103,2,3,0.084464237,-0.04068836,-0.112661972,-0.00977822
444,Diamond_et_al_2018,terrestrial,Cle_rural,41.55624395,-81.36534927,23,25,46.93243243,47.27272727,0.17014742,CTmax,upper,uncertain,9.546666667,31.80571429,2,103,2,3,0.084464237,-0.04068836,-0.112661972,-0.00977822
445,Diamond_et_al_2018,terrestrial,Cle_rural,41.55624395,-81.36534927,23,27,46.93243243,47.50505051,0.14315452,CTmax,upper,uncertain,9.546666667,31.80571429,2,103,2,3,0.084464237,-0.04068836,-0.112661972,-0.00977822
446,Diamond_et_al_2018,terrestrial,Cle_rural,41.55624395,-81.36534927,23,29,46.93243243,47.43333333,0.083483483,CTmax,upper,uncertain,9.546666667,31.80571429,2,103,2,3,0.084464237,-0.04068836,-0.112661972,-0.00977822
447,Diamond_et_al_2018,terrestrial,Cle_rural,41.55624395,-81.36534927,25,27,47.27272727,47.50505051,0.11616162,CTmax,upper,uncertain,9.546666667,31.80571429,2,103,2,3,0.084464237,-0.04068836,-0.112661972,-0.00977822
448,Diamond_et_al_2018,terrestrial,Cle_rural,41.55624395,-81.36534927,25,29,47.27272727,47.43333333,0.040151515,CTmax,upper,uncertain,9.546666667,31.80571429,2,103,2,3,0.084464237,-0.04068836,-0.112661972,-0.00977822
449,Diamond_et_al_2018,terrestrial,Cle_rural,41.55624395,-81.36534927,27,29,47.50505051,47.43333333,-0.03585859,CTmax,upper,uncertain,9.546666667,31.80571429,2,103,2,3,0.084464237,-0.04068836,-0.112661972,-0.00977822
450,Diamond_et_al_2018,terrestrial,Cle_rural,41.55624395,-81.36534927,21,23,2.101123596,2.666666667,0.282771536,CTmin,lower,uncertain,9.546666667,31.80571429,2,103,2,3,0.397776529,-0.04068836,-0.112661972,-0.00977822
451,Diamond_et_al_2018,terrestrial,Cle_rural,41.55624395,-81.36534927,21,25,2.101123596,4.545454545,0.611082737,CTmin,lower,uncertain,9.546666667,31.80571429,2,103,2,3,0.397776529,-0.04068836,-0.112661972,-0.00977822
452,Diamond_et_al_2018,terrestrial,Cle_rural,41.55624395,-81.36534927,21,27,2.101123596,4.78,0.446479401,CTmin,lower,uncertain,9.546666667,31.80571429,2,103,2,3,0.397776529,-0.04068836,-0.112661972,-0.00977822
453,Diamond_et_al_2018,terrestrial,Cle_rural,41.55624395,-81.36534927,21,29,2.101123596,5.022222222,0.365137328,CTmin,lower,uncertain,9.546666667,31.80571429,2,103,2,3,0.397776529,-0.04068836,-0.112661972,-0.00977822
454,Diamond_et_al_2018,terrestrial,Cle_rural,41.55624395,-81.36534927,23,25,2.666666667,4.545454545,0.939393939,CTmin,lower,uncertain,9.546666667,31.80571429,2,103,2,3,0.397776529,-0.04068836,-0.112661972,-0.00977822
455,Diamond_et_al_2018,terrestrial,Cle_rural,41.55624395,-81.36534927,23,27,2.666666667,4.78,0.528333333,CTmin,lower,uncertain,9.546666667,31.80571429,2,103,2,3,0.397776529,-0.04068836,-0.112661972,-0.00977822
456,Diamond_et_al_2018,terrestrial,Cle_rural,41.55624395,-81.36534927,23,29,2.666666667,5.022222222,0.392592593,CTmin,lower,uncertain,9.546666667,31.80571429,2,103,2,3,0.397776529,-0.04068836,-0.112661972,-0.00977822
457,Diamond_et_al_2018,terrestrial,Cle_rural,41.55624395,-81.36534927,25,27,4.545454545,4.78,0.117272728,CTmin,lower,uncertain,9.546666667,31.80571429,2,103,2,3,0.397776529,-0.04068836,-0.112661972,-0.00977822
458,Diamond_et_al_2018,terrestrial,Cle_rural,41.55624395,-81.36534927,25,29,4.545454545,5.022222222,0.119191919,CTmin,lower,uncertain,9.546666667,31.80571429,2,103,2,3,0.397776529,-0.04068836,-0.112661972,-0.00977822
459,Diamond_et_al_2018,terrestrial,Cle_rural,41.55624395,-81.36534927,27,29,4.78,5.022222222,0.121111111,CTmin,lower,uncertain,9.546666667,31.80571429,2,103,2,3,0.397776529,-0.04068836,-0.112661972,-0.00977822
460,Diamond_et_al_2018,terrestrial,Cle_urban,41.5115159,-81.60795594,21,23,47.5,47.33333333,-0.083333335,CTmax,upper,female,10.36766667,32.20766667,2,103,2,3,0.061904762,-0.04068836,-0.112661972,-0.00977822
461,Diamond_et_al_2018,terrestrial,Cle_urban,41.5115159,-81.60795594,21,25,47.5,47.55555556,0.01388889,CTmax,upper,female,10.36766667,32.20766667,2,103,2,3,0.061904762,-0.04068836,-0.112661972,-0.00977822
462,Diamond_et_al_2018,terrestrial,Cle_urban,41.5115159,-81.60795594,21,27,47.5,47.57142857,0.011904762,CTmax,upper,female,10.36766667,32.20766667,2,103,2,3,0.061904762,-0.04068836,-0.112661972,-0.00977822
463,Diamond_et_al_2018,terrestrial,Cle_urban,41.5115159,-81.60795594,21,29,47.5,48,0.0625,CTmax,upper,female,10.36766667,32.20766667,2,103,2,3,0.061904762,-0.04068836,-0.112661972,-0.00977822
464,Diamond_et_al_2018,terrestrial,Cle_urban,41.5115159,-81.60795594,23,25,47.33333333,47.55555556,0.111111115,CTmax,upper,female,10.36766667,32.20766667,2,103,2,3,0.061904762,-0.04068836,-0.112661972,-0.00977822
465,Diamond_et_al_2018,terrestrial,Cle_urban,41.5115159,-81.60795594,23,27,47.33333333,47.57142857,0.05952381,CTmax,upper,female,10.36766667,32.20766667,2,103,2,3,0.061904762,-0.04068836,-0.112661972,-0.00977822
466,Diamond_et_al_2018,terrestrial,Cle_urban,41.5115159,-81.60795594,23,29,47.33333333,48,0.111111112,CTmax,upper,female,10.36766667,32.20766667,2,103,2,3,0.061904762,-0.04068836,-0.112661972,-0.00977822
467,Diamond_et_al_2018,terrestrial,Cle_urban,41.5115159,-81.60795594,25,27,47.55555556,47.57142857,0.007936505,CTmax,upper,female,10.36766667,32.20766667,2,103,2,3,0.061904762,-0.04068836,-0.112661972,-0.00977822
468,Diamond_et_al_2018,terrestrial,Cle_urban,41.5115159,-81.60795594,25,29,47.55555556,48,0.11111111,CTmax,upper,female,10.36766667,32.20766667,2,103,2,3,0.061904762,-0.04068836,-0.112661972,-0.00977822
469,Diamond_et_al_2018,terrestrial,Cle_urban,41.5115159,-81.60795594,27,29,47.57142857,48,0.214285715,CTmax,upper,female,10.36766667,32.20766667,2,103,2,3,0.061904762,-0.04068836,-0.112661972,-0.00977822
470,Diamond_et_al_2018,terrestrial,Cle_urban,41.5115159,-81.60795594,21,23,6,5.857142857,-0.071428571,CTmin,lower,female,10.36766667,32.20766667,2,103,2,3,0.222857143,-0.04068836,-0.112661972,-0.00977822
471,Diamond_et_al_2018,terrestrial,Cle_urban,41.5115159,-81.60795594,21,25,6,7,0.25,CTmin,lower,female,10.36766667,32.20766667,2,103,2,3,0.222857143,-0.04068836,-0.112661972,-0.00977822
472,Diamond_et_al_2018,terrestrial,Cle_urban,41.5115159,-81.60795594,21,27,6,6.6,0.1,CTmin,lower,female,10.36766667,32.20766667,2,103,2,3,0.222857143,-0.04068836,-0.112661972,-0.00977822
473,Diamond_et_al_2018,terrestrial,Cle_urban,41.5115159,-81.60795594,21,29,6,7.857142857,0.232142857,CTmin,lower,female,10.36766667,32.20766667,2,103,2,3,0.222857143,-0.04068836,-0.112661972,-0.00977822
474,Diamond_et_al_2018,terrestrial,Cle_urban,41.5115159,-81.60795594,23,25,5.857142857,7,0.571428572,CTmin,lower,female,10.36766667,32.20766667,2,103,2,3,0.222857143,-0.04068836,-0.112661972,-0.00977822
475,Diamond_et_al_2018,terrestrial,Cle_urban,41.5115159,-81.60795594,23,27,5.857142857,6.6,0.185714286,CTmin,lower,female,10.36766667,32.20766667,2,103,2,3,0.222857143,-0.04068836,-0.112661972,-0.00977822
476,Diamond_et_al_2018,terrestrial,Cle_urban,41.5115159,-81.60795594,23,29,5.857142857,7.857142857,0.333333333,CTmin,lower,female,10.36766667,32.20766667,2,103,2,3,0.222857143,-0.04068836,-0.112661972,-0.00977822
477,Diamond_et_al_2018,terrestrial,Cle_urban,41.5115159,-81.60795594,25,27,7,6.6,-0.2,CTmin,lower,female,10.36766667,32.20766667,2,103,2,3,0.222857143,-0.04068836,-0.112661972,-0.00977822
478,Diamond_et_al_2018,terrestrial,Cle_urban,41.5115159,-81.60795594,25,29,7,7.857142857,0.214285714,CTmin,lower,female,10.36766667,32.20766667,2,103,2,3,0.222857143,-0.04068836,-0.112661972,-0.00977822
479,Diamond_et_al_2018,terrestrial,Cle_urban,41.5115159,-81.60795594,27,29,6.6,7.857142857,0.628571429,CTmin,lower,female,10.36766667,32.20766667,2,103,2,3,0.222857143,-0.04068836,-0.112661972,-0.00977822
480,Diamond_et_al_2018,terrestrial,Cle_urban,41.5115159,-81.60795594,21,23,46.98958333,47.14942529,0.07992098,CTmax,upper,uncertain,10.36766667,32.20766667,2,103,2,3,0.116887315,-0.04068836,-0.112661972,-0.00977822
481,Diamond_et_al_2018,terrestrial,Cle_urban,41.5115159,-81.60795594,21,25,46.98958333,47.43010753,0.11013105,CTmax,upper,uncertain,10.36766667,32.20766667,2,103,2,3,0.116887315,-0.04068836,-0.112661972,-0.00977822
482,Diamond_et_al_2018,terrestrial,Cle_urban,41.5115159,-81.60795594,21,27,46.98958333,47.85714286,0.144593255,CTmax,upper,uncertain,10.36766667,32.20766667,2,103,2,3,0.116887315,-0.04068836,-0.112661972,-0.00977822
483,Diamond_et_al_2018,terrestrial,Cle_urban,41.5115159,-81.60795594,21,29,46.98958333,47.8045977,0.101876796,CTmax,upper,uncertain,10.36766667,32.20766667,2,103,2,3,0.116887315,-0.04068836,-0.112661972,-0.00977822
484,Diamond_et_al_2018,terrestrial,Cle_urban,41.5115159,-81.60795594,23,25,47.14942529,47.43010753,0.14034112,CTmax,upper,uncertain,10.36766667,32.20766667,2,103,2,3,0.116887315,-0.04068836,-0.112661972,-0.00977822
485,Diamond_et_al_2018,terrestrial,Cle_urban,41.5115159,-81.60795594,23,27,47.14942529,47.85714286,0.176929393,CTmax,upper,uncertain,10.36766667,32.20766667,2,103,2,3,0.116887315,-0.04068836,-0.112661972,-0.00977822
486,Diamond_et_al_2018,terrestrial,Cle_urban,41.5115159,-81.60795594,23,29,47.14942529,47.8045977,0.109195402,CTmax,upper,uncertain,10.36766667,32.20766667,2,103,2,3,0.116887315,-0.04068836,-0.112661972,-0.00977822
487,Diamond_et_al_2018,terrestrial,Cle_urban,41.5115159,-81.60795594,25,27,47.43010753,47.85714286,0.213517665,CTmax,upper,uncertain,10.36766667,32.20766667,2,103,2,3,0.116887315,-0.04068836,-0.112661972,-0.00977822
488,Diamond_et_al_2018,terrestrial,Cle_urban,41.5115159,-81.60795594,25,29,47.43010753,47.8045977,0.093622543,CTmax,upper,uncertain,10.36766667,32.20766667,2,103,2,3,0.116887315,-0.04068836,-0.112661972,-0.00977822
489,Diamond_et_al_2018,terrestrial,Cle_urban,41.5115159,-81.60795594,27,29,47.85714286,47.8045977,-0.02627258,CTmax,upper,uncertain,10.36766667,32.20766667,2,103,2,3,0.116887315,-0.04068836,-0.112661972,-0.00977822
490,Diamond_et_al_2018,terrestrial,Cle_urban,41.5115159,-81.60795594,21,23,4.315789474,4.287356322,-0.014216576,CTmin,lower,uncertain,10.36766667,32.20766667,2,103,2,3,0.31768111,-0.04068836,-0.112661972,-0.00977822
491,Diamond_et_al_2018,terrestrial,Cle_urban,41.5115159,-81.60795594,21,25,4.315789474,5.155555556,0.209941521,CTmin,lower,uncertain,10.36766667,32.20766667,2,103,2,3,0.31768111,-0.04068836,-0.112661972,-0.00977822
492,Diamond_et_al_2018,terrestrial,Cle_urban,41.5115159,-81.60795594,21,27,4.315789474,5.3875,0.178618421,CTmin,lower,uncertain,10.36766667,32.20766667,2,103,2,3,0.31768111,-0.04068836,-0.112661972,-0.00977822
493,Diamond_et_al_2018,terrestrial,Cle_urban,41.5115159,-81.60795594,21,29,4.315789474,6.942528736,0.328342408,CTmin,lower,uncertain,10.36766667,32.20766667,2,103,2,3,0.31768111,-0.04068836,-0.112661972,-0.00977822
494,Diamond_et_al_2018,terrestrial,Cle_urban,41.5115159,-81.60795594,23,25,4.287356322,5.155555556,0.434099617,CTmin,lower,uncertain,10.36766667,32.20766667,2,103,2,3,0.31768111,-0.04068836,-0.112661972,-0.00977822
495,Diamond_et_al_2018,terrestrial,Cle_urban,41.5115159,-81.60795594,23,27,4.287356322,5.3875,0.27503592,CTmin,lower,uncertain,10.36766667,32.20766667,2,103,2,3,0.31768111,-0.04068836,-0.112661972,-0.00977822
496,Diamond_et_al_2018,terrestrial,Cle_urban,41.5115159,-81.60795594,23,29,4.287356322,6.942528736,0.442528736,CTmin,lower,uncertain,10.36766667,32.20766667,2,103,2,3,0.31768111,-0.04068836,-0.112661972,-0.00977822
497,Diamond_et_al_2018,terrestrial,Cle_urban,41.5115159,-81.60795594,25,27,5.155555556,5.3875,0.115972222,CTmin,lower,uncertain,10.36766667,32.20766667,2,103,2,3,0.31768111,-0.04068836,-0.112661972,-0.00977822
498,Diamond_et_al_2018,terrestrial,Cle_urban,41.5115159,-81.60795594,25,29,5.155555556,6.942528736,0.446743295,CTmin,lower,uncertain,10.36766667,32.20766667,2,103,2,3,0.31768111,-0.04068836,-0.112661972,-0.00977822
499,Diamond_et_al_2018,terrestrial,Cle_urban,41.5115159,-81.60795594,27,29,5.3875,6.942528736,0.777514368,CTmin,lower,uncertain,10.36766667,32.20766667,2,103,2,3,0.31768111,-0.04068836,-0.112661972,-0.00977822
500,Diamond_et_al_2018,terrestrial,Knx_rural,35.74581486,-83.82361927,21,23,47.66666667,47.42857143,-0.11904762,CTmax,upper,female,14.44474359,29.66205128,2,103,2,3,-0.031428572,-0.04068836,-0.112661972,-0.00977822
501,Diamond_et_al_2018,terrestrial,Knx_rural,35.74581486,-83.82361927,21,25,47.66666667,48,0.083333333,CTmax,upper,female,14.44474359,29.66205128,2,103,2,3,-0.031428572,-0.04068836,-0.112661972,-0.00977822
502,Diamond_et_al_2018,terrestrial,Knx_rural,35.74581486,-83.82361927,21,27,47.66666667,47.33333333,-0.055555557,CTmax,upper,female,14.44474359,29.66205128,2,103,2,3,-0.031428572,-0.04068836,-0.112661972,-0.00977822
503,Diamond_et_al_2018,terrestrial,Knx_rural,35.74581486,-83.82361927,21,29,47.66666667,47.4,-0.033333334,CTmax,upper,female,14.44474359,29.66205128,2,103,2,3,-0.031428572,-0.04068836,-0.112661972,-0.00977822
504,Diamond_et_al_2018,terrestrial,Knx_rural,35.74581486,-83.82361927,23,25,47.42857143,48,0.285714285,CTmax,upper,female,14.44474359,29.66205128,2,103,2,3,-0.031428572,-0.04068836,-0.112661972,-0.00977822
505,Diamond_et_al_2018,terrestrial,Knx_rural,35.74581486,-83.82361927,23,27,47.42857143,47.33333333,-0.023809525,CTmax,upper,female,14.44474359,29.66205128,2,103,2,3,-0.031428572,-0.04068836,-0.112661972,-0.00977822
506,Diamond_et_al_2018,terrestrial,Knx_rural,35.74581486,-83.82361927,23,29,47.42857143,47.4,-0.004761905,CTmax,upper,female,14.44474359,29.66205128,2,103,2,3,-0.031428572,-0.04068836,-0.112661972,-0.00977822
507,Diamond_et_al_2018,terrestrial,Knx_rural,35.74581486,-83.82361927,25,27,48,47.33333333,-0.333333335,CTmax,upper,female,14.44474359,29.66205128,2,103,2,3,-0.031428572,-0.04068836,-0.112661972,-0.00977822
508,Diamond_et_al_2018,terrestrial,Knx_rural,35.74581486,-83.82361927,25,29,48,47.4,-0.15,CTmax,upper,female,14.44474359,29.66205128,2,103,2,3,-0.031428572,-0.04068836,-0.112661972,-0.00977822
509,Diamond_et_al_2018,terrestrial,Knx_rural,35.74581486,-83.82361927,27,29,47.33333333,47.4,0.033333335,CTmax,upper,female,14.44474359,29.66205128,2,103,2,3,-0.031428572,-0.04068836,-0.112661972,-0.00977822
510,Diamond_et_al_2018,terrestrial,Knx_rural,35.74581486,-83.82361927,21,23,7,6.4,-0.3,CTmin,lower,female,14.44474359,29.66205128,2,103,2,3,0.352857143,-0.04068836,-0.112661972,-0.00977822
511,Diamond_et_al_2018,terrestrial,Knx_rural,35.74581486,-83.82361927,21,25,7,7,0,CTmin,lower,female,14.44474359,29.66205128,2,103,2,3,0.352857143,-0.04068836,-0.112661972,-0.00977822
512,Diamond_et_al_2018,terrestrial,Knx_rural,35.74581486,-83.82361927,21,27,7,8.6,0.266666667,CTmin,lower,female,14.44474359,29.66205128,2,103,2,3,0.352857143,-0.04068836,-0.112661972,-0.00977822
513,Diamond_et_al_2018,terrestrial,Knx_rural,35.74581486,-83.82361927,21,29,7,9.428571429,0.303571429,CTmin,lower,female,14.44474359,29.66205128,2,103,2,3,0.352857143,-0.04068836,-0.112661972,-0.00977822
514,Diamond_et_al_2018,terrestrial,Knx_rural,35.74581486,-83.82361927,23,25,6.4,7,0.3,CTmin,lower,female,14.44474359,29.66205128,2,103,2,3,0.352857143,-0.04068836,-0.112661972,-0.00977822
515,Diamond_et_al_2018,terrestrial,Knx_rural,35.74581486,-83.82361927,23,27,6.4,8.6,0.55,CTmin,lower,female,14.44474359,29.66205128,2,103,2,3,0.352857143,-0.04068836,-0.112661972,-0.00977822
516,Diamond_et_al_2018,terrestrial,Knx_rural,35.74581486,-83.82361927,23,29,6.4,9.428571429,0.504761905,CTmin,lower,female,14.44474359,29.66205128,2,103,2,3,0.352857143,-0.04068836,-0.112661972,-0.00977822
517,Diamond_et_al_2018,terrestrial,Knx_rural,35.74581486,-83.82361927,25,27,7,8.6,0.8,CTmin,lower,female,14.44474359,29.66205128,2,103,2,3,0.352857143,-0.04068836,-0.112661972,-0.00977822
518,Diamond_et_al_2018,terrestrial,Knx_rural,35.74581486,-83.82361927,25,29,7,9.428571429,0.607142857,CTmin,lower,female,14.44474359,29.66205128,2,103,2,3,0.352857143,-0.04068836,-0.112661972,-0.00977822
519,Diamond_et_al_2018,terrestrial,Knx_rural,35.74581486,-83.82361927,27,29,8.6,9.428571429,0.414285715,CTmin,lower,female,14.44474359,29.66205128,2,103,2,3,0.352857143,-0.04068836,-0.112661972,-0.00977822
520,Diamond_et_al_2018,terrestrial,Knx_rural,35.74581486,-83.82361927,21,23,47.48684211,47.45454545,-0.01614833,CTmax,upper,uncertain,14.44474359,29.66205128,2,103,2,3,0.077324149,-0.04068836,-0.112661972,-0.00977822
521,Diamond_et_al_2018,terrestrial,Knx_rural,35.74581486,-83.82361927,21,25,47.48684211,47.72857143,0.06043233,CTmax,upper,uncertain,14.44474359,29.66205128,2,103,2,3,0.077324149,-0.04068836,-0.112661972,-0.00977822
522,Diamond_et_al_2018,terrestrial,Knx_rural,35.74581486,-83.82361927,21,27,47.48684211,48.06666667,0.096637427,CTmax,upper,uncertain,14.44474359,29.66205128,2,103,2,3,0.077324149,-0.04068836,-0.112661972,-0.00977822
523,Diamond_et_al_2018,terrestrial,Knx_rural,35.74581486,-83.82361927,21,29,47.48684211,47.95402299,0.05839761,CTmax,upper,uncertain,14.44474359,29.66205128,2,103,2,3,0.077324149,-0.04068836,-0.112661972,-0.00977822
524,Diamond_et_al_2018,terrestrial,Knx_rural,35.74581486,-83.82361927,23,25,47.45454545,47.72857143,0.13701299,CTmax,upper,uncertain,14.44474359,29.66205128,2,103,2,3,0.077324149,-0.04068836,-0.112661972,-0.00977822
525,Diamond_et_al_2018,terrestrial,Knx_rural,35.74581486,-83.82361927,23,27,47.45454545,48.06666667,0.153030305,CTmax,upper,uncertain,14.44474359,29.66205128,2,103,2,3,0.077324149,-0.04068836,-0.112661972,-0.00977822
526,Diamond_et_al_2018,terrestrial,Knx_rural,35.74581486,-83.82361927,23,29,47.45454545,47.95402299,0.083246257,CTmax,upper,uncertain,14.44474359,29.66205128,2,103,2,3,0.077324149,-0.04068836,-0.112661972,-0.00977822
527,Diamond_et_al_2018,terrestrial,Knx_rural,35.74581486,-83.82361927,25,27,47.72857143,48.06666667,0.16904762,CTmax,upper,uncertain,14.44474359,29.66205128,2,103,2,3,0.077324149,-0.04068836,-0.112661972,-0.00977822
528,Diamond_et_al_2018,terrestrial,Knx_rural,35.74581486,-83.82361927,25,29,47.72857143,47.95402299,0.05636289,CTmax,upper,uncertain,14.44474359,29.66205128,2,103,2,3,0.077324149,-0.04068836,-0.112661972,-0.00977822
529,Diamond_et_al_2018,terrestrial,Knx_rural,35.74581486,-83.82361927,27,29,48.06666667,47.95402299,-0.05632184,CTmax,upper,uncertain,14.44474359,29.66205128,2,103,2,3,0.077324149,-0.04068836,-0.112661972,-0.00977822
530,Diamond_et_al_2018,terrestrial,Knx_rural,35.74581486,-83.82361927,21,23,3.973684211,4.795918367,0.411117078,CTmin,lower,uncertain,14.44474359,29.66205128,2,103,2,3,0.461246184,-0.04068836,-0.112661972,-0.00977822
531,Diamond_et_al_2018,terrestrial,Knx_rural,35.74581486,-83.82361927,21,25,3.973684211,5.514285714,0.385150376,CTmin,lower,uncertain,14.44474359,29.66205128,2,103,2,3,0.461246184,-0.04068836,-0.112661972,-0.00977822
532,Diamond_et_al_2018,terrestrial,Knx_rural,35.74581486,-83.82361927,21,27,3.973684211,6.943820225,0.495022669,CTmin,lower,uncertain,14.44474359,29.66205128,2,103,2,3,0.461246184,-0.04068836,-0.112661972,-0.00977822
533,Diamond_et_al_2018,terrestrial,Knx_rural,35.74581486,-83.82361927,21,29,3.973684211,7.512195122,0.442313864,CTmin,lower,uncertain,14.44474359,29.66205128,2,103,2,3,0.461246184,-0.04068836,-0.112661972,-0.00977822
534,Diamond_et_al_2018,terrestrial,Knx_rural,35.74581486,-83.82361927,23,25,4.795918367,5.514285714,0.359183674,CTmin,lower,uncertain,14.44474359,29.66205128,2,103,2,3,0.461246184,-0.04068836,-0.112661972,-0.00977822
535,Diamond_et_al_2018,terrestrial,Knx_rural,35.74581486,-83.82361927,23,27,4.795918367,6.943820225,0.536975465,CTmin,lower,uncertain,14.44474359,29.66205128,2,103,2,3,0.461246184,-0.04068836,-0.112661972,-0.00977822
536,Diamond_et_al_2018,terrestrial,Knx_rural,35.74581486,-83.82361927,23,29,4.795918367,7.512195122,0.452712793,CTmin,lower,uncertain,14.44474359,29.66205128,2,103,2,3,0.461246184,-0.04068836,-0.112661972,-0.00977822
537,Diamond_et_al_2018,terrestrial,Knx_rural,35.74581486,-83.82361927,25,27,5.514285714,6.943820225,0.714767256,CTmin,lower,uncertain,14.44474359,29.66205128,2,103,2,3,0.461246184,-0.04068836,-0.112661972,-0.00977822
538,Diamond_et_al_2018,terrestrial,Knx_rural,35.74581486,-83.82361927,25,29,5.514285714,7.512195122,0.499477352,CTmin,lower,uncertain,14.44474359,29.66205128,2,103,2,3,0.461246184,-0.04068836,-0.112661972,-0.00977822
539,Diamond_et_al_2018,terrestrial,Knx_rural,35.74581486,-83.82361927,27,29,6.943820225,7.512195122,0.284187449,CTmin,lower,uncertain,14.44474359,29.66205128,2,103,2,3,0.461246184,-0.04068836,-0.112661972,-0.00977822
540,Diamond_et_al_2018,terrestrial,Knx_urban,35.90566913,-83.95320703,21,23,46.75,47.4,0.325,CTmax,upper,female,14.93666667,29.83375,2,103,2,3,0.081666666,-0.04068836,-0.112661972,-0.00977822
541,Diamond_et_al_2018,terrestrial,Knx_urban,35.90566913,-83.95320703,21,25,46.75,47,0.0625,CTmax,upper,female,14.93666667,29.83375,2,103,2,3,0.081666666,-0.04068836,-0.112661972,-0.00977822
542,Diamond_et_al_2018,terrestrial,Knx_urban,35.90566913,-83.95320703,21,27,46.75,47.33333333,0.097222222,CTmax,upper,female,14.93666667,29.83375,2,103,2,3,0.081666666,-0.04068836,-0.112661972,-0.00977822
543,Diamond_et_al_2018,terrestrial,Knx_urban,35.90566913,-83.95320703,21,29,46.75,47.6,0.10625,CTmax,upper,female,14.93666667,29.83375,2,103,2,3,0.081666666,-0.04068836,-0.112661972,-0.00977822
544,Diamond_et_al_2018,terrestrial,Knx_urban,35.90566913,-83.95320703,23,25,47.4,47,-0.2,CTmax,upper,female,14.93666667,29.83375,2,103,2,3,0.081666666,-0.04068836,-0.112661972,-0.00977822
545,Diamond_et_al_2018,terrestrial,Knx_urban,35.90566913,-83.95320703,23,27,47.4,47.33333333,-0.016666667,CTmax,upper,female,14.93666667,29.83375,2,103,2,3,0.081666666,-0.04068836,-0.112661972,-0.00977822
546,Diamond_et_al_2018,terrestrial,Knx_urban,35.90566913,-83.95320703,23,29,47.4,47.6,0.033333333,CTmax,upper,female,14.93666667,29.83375,2,103,2,3,0.081666666,-0.04068836,-0.112661972,-0.00977822
547,Diamond_et_al_2018,terrestrial,Knx_urban,35.90566913,-83.95320703,25,27,47,47.33333333,0.166666665,CTmax,upper,female,14.93666667,29.83375,2,103,2,3,0.081666666,-0.04068836,-0.112661972,-0.00977822
548,Diamond_et_al_2018,terrestrial,Knx_urban,35.90566913,-83.95320703,25,29,47,47.6,0.15,CTmax,upper,female,14.93666667,29.83375,2,103,2,3,0.081666666,-0.04068836,-0.112661972,-0.00977822
549,Diamond_et_al_2018,terrestrial,Knx_urban,35.90566913,-83.95320703,27,29,47.33333333,47.6,0.133333335,CTmax,upper,female,14.93666667,29.83375,2,103,2,3,0.081666666,-0.04068836,-0.112661972,-0.00977822
550,Diamond_et_al_2018,terrestrial,Knx_urban,35.90566913,-83.95320703,21,23,7.666666667,8.75,0.541666667,CTmin,lower,female,14.93666667,29.83375,2,103,2,3,0.440833333,-0.04068836,-0.112661972,-0.00977822
551,Diamond_et_al_2018,terrestrial,Knx_urban,35.90566913,-83.95320703,21,25,7.666666667,8.5,0.208333333,CTmin,lower,female,14.93666667,29.83375,2,103,2,3,0.440833333,-0.04068836,-0.112661972,-0.00977822
552,Diamond_et_al_2018,terrestrial,Knx_urban,35.90566913,-83.95320703,21,27,7.666666667,10.5,0.472222222,CTmin,lower,female,14.93666667,29.83375,2,103,2,3,0.440833333,-0.04068836,-0.112661972,-0.00977822
553,Diamond_et_al_2018,terrestrial,Knx_urban,35.90566913,-83.95320703,21,29,7.666666667,11.2,0.441666667,CTmin,lower,female,14.93666667,29.83375,2,103,2,3,0.440833333,-0.04068836,-0.112661972,-0.00977822
554,Diamond_et_al_2018,terrestrial,Knx_urban,35.90566913,-83.95320703,23,25,8.75,8.5,-0.125,CTmin,lower,female,14.93666667,29.83375,2,103,2,3,0.440833333,-0.04068836,-0.112661972,-0.00977822
555,Diamond_et_al_2018,terrestrial,Knx_urban,35.90566913,-83.95320703,23,27,8.75,10.5,0.4375,CTmin,lower,female,14.93666667,29.83375,2,103,2,3,0.440833333,-0.04068836,-0.112661972,-0.00977822
556,Diamond_et_al_2018,terrestrial,Knx_urban,35.90566913,-83.95320703,23,29,8.75,11.2,0.408333333,CTmin,lower,female,14.93666667,29.83375,2,103,2,3,0.440833333,-0.04068836,-0.112661972,-0.00977822
557,Diamond_et_al_2018,terrestrial,Knx_urban,35.90566913,-83.95320703,25,27,8.5,10.5,1,CTmin,lower,female,14.93666667,29.83375,2,103,2,3,0.440833333,-0.04068836,-0.112661972,-0.00977822
558,Diamond_et_al_2018,terrestrial,Knx_urban,35.90566913,-83.95320703,25,29,8.5,11.2,0.675,CTmin,lower,female,14.93666667,29.83375,2,103,2,3,0.440833333,-0.04068836,-0.112661972,-0.00977822
559,Diamond_et_al_2018,terrestrial,Knx_urban,35.90566913,-83.95320703,27,29,10.5,11.2,0.35,CTmin,lower,female,14.93666667,29.83375,2,103,2,3,0.440833333,-0.04068836,-0.112661972,-0.00977822
560,Diamond_et_al_2018,terrestrial,Knx_urban,35.90566913,-83.95320703,21,23,47.23076923,47.3125,0.040865385,CTmax,upper,uncertain,14.93666667,29.83375,2,103,2,3,0.156370659,-0.04068836,-0.112661972,-0.00977822
561,Diamond_et_al_2018,terrestrial,Knx_urban,35.90566913,-83.95320703,21,25,47.23076923,47.58571429,0.088736265,CTmax,upper,uncertain,14.93666667,29.83375,2,103,2,3,0.156370659,-0.04068836,-0.112661972,-0.00977822
562,Diamond_et_al_2018,terrestrial,Knx_urban,35.90566913,-83.95320703,21,27,47.23076923,48.13432836,0.150593188,CTmax,upper,uncertain,14.93666667,29.83375,2,103,2,3,0.156370659,-0.04068836,-0.112661972,-0.00977822
563,Diamond_et_al_2018,terrestrial,Knx_urban,35.90566913,-83.95320703,21,29,47.23076923,48.38356164,0.144099051,CTmax,upper,uncertain,14.93666667,29.83375,2,103,2,3,0.156370659,-0.04068836,-0.112661972,-0.00977822
564,Diamond_et_al_2018,terrestrial,Knx_urban,35.90566913,-83.95320703,23,25,47.3125,47.58571429,0.136607145,CTmax,upper,uncertain,14.93666667,29.83375,2,103,2,3,0.156370659,-0.04068836,-0.112661972,-0.00977822
565,Diamond_et_al_2018,terrestrial,Knx_urban,35.90566913,-83.95320703,23,27,47.3125,48.13432836,0.20545709,CTmax,upper,uncertain,14.93666667,29.83375,2,103,2,3,0.156370659,-0.04068836,-0.112661972,-0.00977822
566,Diamond_et_al_2018,terrestrial,Knx_urban,35.90566913,-83.95320703,23,29,47.3125,48.38356164,0.178510273,CTmax,upper,uncertain,14.93666667,29.83375,2,103,2,3,0.156370659,-0.04068836,-0.112661972,-0.00977822
567,Diamond_et_al_2018,terrestrial,Knx_urban,35.90566913,-83.95320703,25,27,47.58571429,48.13432836,0.274307035,CTmax,upper,uncertain,14.93666667,29.83375,2,103,2,3,0.156370659,-0.04068836,-0.112661972,-0.00977822
568,Diamond_et_al_2018,terrestrial,Knx_urban,35.90566913,-83.95320703,25,29,47.58571429,48.38356164,0.199461838,CTmax,upper,uncertain,14.93666667,29.83375,2,103,2,3,0.156370659,-0.04068836,-0.112661972,-0.00977822
569,Diamond_et_al_2018,terrestrial,Knx_urban,35.90566913,-83.95320703,27,29,48.13432836,48.38356164,0.12461664,CTmax,upper,uncertain,14.93666667,29.83375,2,103,2,3,0.156370659,-0.04068836,-0.112661972,-0.00977822
570,Diamond_et_al_2018,terrestrial,Knx_urban,35.90566913,-83.95320703,21,23,5.506493506,6.0625,0.278003247,CTmin,lower,uncertain,14.93666667,29.83375,2,103,2,3,0.592840556,-0.04068836,-0.112661972,-0.00977822
571,Diamond_et_al_2018,terrestrial,Knx_urban,35.90566913,-83.95320703,21,25,5.506493506,6.028571429,0.130519481,CTmin,lower,uncertain,14.93666667,29.83375,2,103,2,3,0.592840556,-0.04068836,-0.112661972,-0.00977822
572,Diamond_et_al_2018,terrestrial,Knx_urban,35.90566913,-83.95320703,21,27,5.506493506,8.671428571,0.527489178,CTmin,lower,uncertain,14.93666667,29.83375,2,103,2,3,0.592840556,-0.04068836,-0.112661972,-0.00977822
573,Diamond_et_al_2018,terrestrial,Knx_urban,35.90566913,-83.95320703,21,29,5.506493506,10.13043478,0.577992659,CTmin,lower,uncertain,14.93666667,29.83375,2,103,2,3,0.592840556,-0.04068836,-0.112661972,-0.00977822
574,Diamond_et_al_2018,terrestrial,Knx_urban,35.90566913,-83.95320703,23,25,6.0625,6.028571429,-0.016964285,CTmin,lower,uncertain,14.93666667,29.83375,2,103,2,3,0.592840556,-0.04068836,-0.112661972,-0.00977822
575,Diamond_et_al_2018,terrestrial,Knx_urban,35.90566913,-83.95320703,23,27,6.0625,8.671428571,0.652232143,CTmin,lower,uncertain,14.93666667,29.83375,2,103,2,3,0.592840556,-0.04068836,-0.112661972,-0.00977822
576,Diamond_et_al_2018,terrestrial,Knx_urban,35.90566913,-83.95320703,23,29,6.0625,10.13043478,0.67798913,CTmin,lower,uncertain,14.93666667,29.83375,2,103,2,3,0.592840556,-0.04068836,-0.112661972,-0.00977822
577,Diamond_et_al_2018,terrestrial,Knx_urban,35.90566913,-83.95320703,25,27,6.028571429,8.671428571,1.321428571,CTmin,lower,uncertain,14.93666667,29.83375,2,103,2,3,0.592840556,-0.04068836,-0.112661972,-0.00977822
578,Diamond_et_al_2018,terrestrial,Knx_urban,35.90566913,-83.95320703,25,29,6.028571429,10.13043478,1.025465838,CTmin,lower,uncertain,14.93666667,29.83375,2,103,2,3,0.592840556,-0.04068836,-0.112661972,-0.00977822
579,Diamond_et_al_2018,terrestrial,Knx_urban,35.90566913,-83.95320703,27,29,8.671428571,10.13043478,0.729503105,CTmin,lower,uncertain,14.93666667,29.83375,2,103,2,3,0.592840556,-0.04068836,-0.112661972,-0.00977822
580,Healy_et_al_2019,intertidal,Bird_Rock,32.814202,-117.273379,20,25,37.8625,38.95910781,0.219321562,CTmax,upper,uncertain,18.45,18.325,3,104,2,8,0.219321562,0.020010609,-0.013220032,-0.059527068
581,Healy_et_al_2019,intertidal,Pescadero,37.259631,-122.414116,20,25,36.45,37.70198675,0.25039735,CTmax,upper,uncertain,14.075,12.075,3,104,2,8,0.25039735,0.020010609,-0.013220032,-0.059527068
582,Healy_et_al_2019,intertidal,San_Diego,32.744828,-117.255264,20,25,38.15,38.99256506,0.168513012,CTmax,upper,uncertain,18.36666667,18.13333333,3,104,2,8,0.168513012,0.020010609,-0.013220032,-0.059527068
583,Healy_et_al_2019,intertidal,Santa_Cruz,36.949433,-122.046358,20,25,36.575,38.14900662,0.314801324,CTmax,upper,uncertain,14.48,14.34,3,104,2,8,0.314801324,0.020010609,-0.013220032,-0.059527068
587,Diamond_et_al_2018,terrestrial,Cin_rural,39.17062716,-84.56639672,21,29,47.8,47.33333333,-0.058333334,CTmax,upper,female,12.37666667,33.6775,2,103,2,3,-0.056666667,-0.04068836,-0.112661972,-0.00977822
597,Diamond_et_al_2018,terrestrial,Cin_rural,39.17062716,-84.56639672,21,29,7.166666667,6.75,-0.052083333,CTmin,lower,female,12.37666667,33.6775,2,103,2,3,0.025,-0.04068836,-0.112661972,-0.00977822
607,Diamond_et_al_2018,terrestrial,Cin_rural,39.17062716,-84.56639672,21,29,46.71428571,47.575,0.107589286,CTmax,upper,uncertain,12.37666667,33.6775,2,103,2,3,0.091498909,-0.04068836,-0.112661972,-0.00977822
617,Diamond_et_al_2018,terrestrial,Cin_rural,39.17062716,-84.56639672,21,29,5.821052632,5.6125,-0.026069079,CTmin,lower,uncertain,12.37666667,33.6775,2,103,2,3,0.001469329,-0.04068836,-0.112661972,-0.00977822
627,Diamond_et_al_2018,terrestrial,Cin_urban,39.14146592,-84.5232195,21,29,46.8,47.25,0.05625,CTmax,upper,female,12.54486111,33.64875,2,103,2,3,0.025,-0.04068836,-0.112661972,-0.00977822
637,Diamond_et_al_2018,terrestrial,Cin_urban,39.14146592,-84.5232195,21,29,5.6,6,0.05,CTmin,lower,female,12.54486111,33.64875,2,103,2,3,-0.124285714,-0.04068836,-0.112661972,-0.00977822
647,Diamond_et_al_2018,terrestrial,Cin_urban,39.14146592,-84.5232195,21,29,46.78481013,47.26315789,0.05979347,CTmax,upper,uncertain,12.54486111,33.64875,2,103,2,3,0.083349482,-0.04068836,-0.112661972,-0.00977822
657,Diamond_et_al_2018,terrestrial,Cin_urban,39.14146592,-84.5232195,21,29,4.2125,4.864864865,0.081545608,CTmin,lower,uncertain,12.54486111,33.64875,2,103,2,3,0.132111487,-0.04068836,-0.112661972,-0.00977822
667,Diamond_et_al_2018,terrestrial,Cle_rural,41.55624395,-81.36534927,21,29,47.2,47.8,0.075,CTmax,upper,female,9.546666667,31.80571429,2,103,2,3,0.088571428,-0.04068836,-0.112661972,-0.00977822
677,Diamond_et_al_2018,terrestrial,Cle_rural,41.55624395,-81.36534927,21,29,4.666666667,5.4,0.091666667,CTmin,lower,female,9.546666667,31.80571429,2,103,2,3,0.123333333,-0.04068836,-0.112661972,-0.00977822
687,Diamond_et_al_2018,terrestrial,Cle_rural,41.55624395,-81.36534927,21,29,46.875,47.43333333,0.069791666,CTmax,upper,uncertain,9.546666667,31.80571429,2,103,2,3,0.084464237,-0.04068836,-0.112661972,-0.00977822
697,Diamond_et_al_2018,terrestrial,Cle_rural,41.55624395,-81.36534927,21,29,2.101123596,5.022222222,0.365137328,CTmin,lower,uncertain,9.546666667,31.80571429,2,103,2,3,0.397776529,-0.04068836,-0.112661972,-0.00977822
707,Diamond_et_al_2018,terrestrial,Cle_urban,41.5115159,-81.60795594,21,29,47.5,48,0.0625,CTmax,upper,female,10.36766667,32.20766667,2,103,2,3,0.061904762,-0.04068836,-0.112661972,-0.00977822
717,Diamond_et_al_2018,terrestrial,Cle_urban,41.5115159,-81.60795594,21,29,6,7.857142857,0.232142857,CTmin,lower,female,10.36766667,32.20766667,2,103,2,3,0.222857143,-0.04068836,-0.112661972,-0.00977822
727,Diamond_et_al_2018,terrestrial,Cle_urban,41.5115159,-81.60795594,21,29,46.98958333,47.8045977,0.101876796,CTmax,upper,uncertain,10.36766667,32.20766667,2,103,2,3,0.116887315,-0.04068836,-0.112661972,-0.00977822
737,Diamond_et_al_2018,terrestrial,Cle_urban,41.5115159,-81.60795594,21,29,4.315789474,6.942528736,0.328342408,CTmin,lower,uncertain,10.36766667,32.20766667,2,103,2,3,0.31768111,-0.04068836,-0.112661972,-0.00977822
747,Diamond_et_al_2018,terrestrial,Knx_rural,35.74581486,-83.82361927,21,29,47.66666667,47.4,-0.033333334,CTmax,upper,female,14.44474359,29.66205128,2,103,2,3,-0.031428572,-0.04068836,-0.112661972,-0.00977822
757,Diamond_et_al_2018,terrestrial,Knx_rural,35.74581486,-83.82361927,21,29,7,9.428571429,0.303571429,CTmin,lower,female,14.44474359,29.66205128,2,103,2,3,0.352857143,-0.04068836,-0.112661972,-0.00977822
767,Diamond_et_al_2018,terrestrial,Knx_rural,35.74581486,-83.82361927,21,29,47.48684211,47.95402299,0.05839761,CTmax,upper,uncertain,14.44474359,29.66205128,2,103,2,3,0.077324149,-0.04068836,-0.112661972,-0.00977822
777,Diamond_et_al_2018,terrestrial,Knx_rural,35.74581486,-83.82361927,21,29,3.973684211,7.512195122,0.442313864,CTmin,lower,uncertain,14.44474359,29.66205128,2,103,2,3,0.461246184,-0.04068836,-0.112661972,-0.00977822
787,Diamond_et_al_2018,terrestrial,Knx_urban,35.90566913,-83.95320703,21,29,46.75,47.6,0.10625,CTmax,upper,female,14.93666667,29.83375,2,103,2,3,0.081666666,-0.04068836,-0.112661972,-0.00977822
797,Diamond_et_al_2018,terrestrial,Knx_urban,35.90566913,-83.95320703,21,29,7.666666667,11.2,0.441666667,CTmin,lower,female,14.93666667,29.83375,2,103,2,3,0.440833333,-0.04068836,-0.112661972,-0.00977822
807,Diamond_et_al_2018,terrestrial,Knx_urban,35.90566913,-83.95320703,21,29,47.23076923,48.38356164,0.144099051,CTmax,upper,uncertain,14.93666667,29.83375,2,103,2,3,0.156370659,-0.04068836,-0.112661972,-0.00977822
817,Diamond_et_al_2018,terrestrial,Knx_urban,35.90566913,-83.95320703,21,29,5.506493506,10.13043478,0.577992659,CTmin,lower,uncertain,14.93666667,29.83375,2,103,2,3,0.592840556,-0.04068836,-0.112661972,-0.00977822
824,Campbell_Staton_et_al_2018,terrestrial,Arlington,32.768686,-97.08369,20,30,6.356623,8.30349345,0.194687045,CTmin,lower,uncertain,18.9,32.1,1,5,3,21,0.194687045,-0.001898902,-0.000516778,-0.000120666
825,Campbell_Staton_et_al_2018,terrestrial,Austin,30.24407,-97.720786,20,30,6.45487627,8.43085881,0.197598254,CTmin,lower,uncertain,20.6,29.25,1,5,3,21,0.197598254,-0.001898902,-0.000516778,-0.000120666
826,Campbell_Staton_et_al_2018,terrestrial,Brownsville,25.894346,-97.489169,20,30,8.36535662,10.1229985,0.175764188,CTmin,lower,uncertain,23.8,18.475,1,5,3,21,0.175764188,-0.001898902,-0.000516778,-0.000120666
827,Campbell_Staton_et_al_2018,terrestrial,Hodgen,34.784382,-94.694722,20,30,6.02911208,7.79767103,0.176855895,CTmin,lower,uncertain,16.2,32.36,1,5,3,21,0.176855895,-0.001898902,-0.000516778,-0.000120666
828,Campbell_Staton_et_al_2018,terrestrial,Victoria,28.818269,-97.024316,20,30,7.10262009,9.64628821,0.254366812,CTmin,lower,uncertain,21.5,24.775,1,5,3,21,0.254366812,-0.001898902,-0.000516778,-0.000120666
831,Darveau_et_al_2012,freshwater,Atlin_warm_spring,59.40388333,-133.5753361,5,25,0.214285714,8.285714286,0.403571429,CTmin,lower,uncertain,0.75,31,1,23,3,19,0.328095238,-7.89E-05,-0.005041511,-0.001374643
837,Darveau_et_al_2012,freshwater,Atlin_warm_spring,59.40388333,-133.5753361,5,25,25.84557439,35.70621469,0.493032015,CTmax,upper,uncertain,0.75,31,1,23,3,19,0.509905838,-7.89E-05,-0.005041511,-0.001374643
843,Darveau_et_al_2012,freshwater,green_lake,51.37627778,-121.2630472,5,25,-0.119047619,4.785714286,0.245238095,CTmin,lower,uncertain,4.733333333,32.76666667,1,23,3,19,0.19952381,-7.89E-05,-0.005041511,-0.001374643
849,Darveau_et_al_2012,freshwater,green_lake,51.37627778,-121.2630472,5,25,26.16195857,35.41619586,0.462711865,CTmax,upper,uncertain,4.733333333,32.76666667,1,23,3,19,0.487231638,-7.89E-05,-0.005041511,-0.001374643
855,Darveau_et_al_2012,freshwater,liard_hot_spring,59.428525,-126.0884222,5,25,0.30952381,6.119047619,0.29047619,CTmin,lower,uncertain,0.4375,39.325,1,23,3,19,0.254285714,-7.89E-05,-0.005041511,-0.001374643
861,Darveau_et_al_2012,freshwater,liard_hot_spring,59.428525,-126.0884222,5,25,26.76836158,35.94350282,0.458757062,CTmax,upper,uncertain,0.4375,39.325,1,23,3,19,0.463502825,-7.89E-05,-0.005041511,-0.001374643
865,McCann_2018,terrestrial,BI,19.819891,-155.836336,12,24,9.14516129,8.561827957,-0.048611111,CTmin,lower,uncertain,20.63333333,8.266666667,1,97,3,5,-0.048611111,-0.968832591,-0.148705323,-0.078566912
866,McCann_2018,terrestrial,HU,19.696853,-155.081501,12,24,10.09931034,10.66896552,0.047471265,CTmin,lower,uncertain,23.86666667,7.4,1,97,3,5,0.047471265,-0.968832591,-0.148705323,-0.078566912
867,McCann_2018,terrestrial,ML,19.941369,-155.859498,12,24,12.36986301,10.1260274,-0.186986301,CTmin,lower,uncertain,24.525,7.85,1,97,3,5,-0.186986301,-0.968832591,-0.148705323,-0.078566912
868,McCann_2018,terrestrial,TV,19.549037,-155.136774,12,24,9.575842697,11.98455056,0.200725655,CTmin,lower,uncertain,20.925,7.775,1,97,3,5,0.200725655,-0.968832591,-0.148705323,-0.078566912
871,Yu_et_al_2018,freshwater,Gaizhou,40.4,122.75,14,29,32.4,35.75,0.223333333,CTmax,upper,uncertain,9.225,42.1,1,98,3,10,0.2022,-0.010439122,-0.010728205,0.010376984
877,Yu_et_al_2018,freshwater,Gaizhou,40.4,122.75,14,29,0,3.76,0.250666667,CTmin,lower,uncertain,9.225,42.1,1,98,3,10,0.2516,-0.010439122,-0.010728205,0.010376984
883,Yu_et_al_2018,freshwater,Hangzhou,30.38,120.15,14,29,32.39,35.71,0.221333333,CTmax,upper,uncertain,17.5,32.35,1,98,3,10,0.2026,-0.010439122,-0.010728205,0.010376984
889,Yu_et_al_2018,freshwater,Hangzhou,30.38,120.15,14,29,0,5.27,0.351333333,CTmin,lower,uncertain,17.5,32.35,1,98,3,10,0.3562,-0.010439122,-0.010728205,0.010376984
896,Diamond_et_al_2018,terrestrial,Cin_rural,39.17062716,-84.56639672,21,29,47.8,47.33333333,-0.058333334,CTmax,upper,female,12.37666667,33.6775,2,103,2,3,-0.056666667,-0.04068836,-0.112661972,-0.00977822
906,Diamond_et_al_2018,terrestrial,Cin_rural,39.17062716,-84.56639672,21,29,7.166666667,6.75,-0.052083333,CTmin,lower,female,12.37666667,33.6775,2,103,2,3,0.025,-0.04068836,-0.112661972,-0.00977822
916,Diamond_et_al_2018,terrestrial,Cin_rural,39.17062716,-84.56639672,21,29,46.71428571,47.575,0.107589286,CTmax,upper,uncertain,12.37666667,33.6775,2,103,2,3,0.091498909,-0.04068836,-0.112661972,-0.00977822
926,Diamond_et_al_2018,terrestrial,Cin_rural,39.17062716,-84.56639672,21,29,5.821052632,5.6125,-0.026069079,CTmin,lower,uncertain,12.37666667,33.6775,2,103,2,3,0.001469329,-0.04068836,-0.112661972,-0.00977822
936,Diamond_et_al_2018,terrestrial,Cin_urban,39.14146592,-84.5232195,21,29,46.8,47.25,0.05625,CTmax,upper,female,12.54486111,33.64875,2,103,2,3,0.025,-0.04068836,-0.112661972,-0.00977822
946,Diamond_et_al_2018,terrestrial,Cin_urban,39.14146592,-84.5232195,21,29,5.6,6,0.05,CTmin,lower,female,12.54486111,33.64875,2,103,2,3,-0.124285714,-0.04068836,-0.112661972,-0.00977822
956,Diamond_et_al_2018,terrestrial,Cin_urban,39.14146592,-84.5232195,21,29,46.78481013,47.26315789,0.05979347,CTmax,upper,uncertain,12.54486111,33.64875,2,103,2,3,0.083349482,-0.04068836,-0.112661972,-0.00977822
966,Diamond_et_al_2018,terrestrial,Cin_urban,39.14146592,-84.5232195,21,29,4.2125,4.864864865,0.081545608,CTmin,lower,uncertain,12.54486111,33.64875,2,103,2,3,0.132111487,-0.04068836,-0.112661972,-0.00977822
976,Diamond_et_al_2018,terrestrial,Cle_rural,41.55624395,-81.36534927,21,29,47.2,47.8,0.075,CTmax,upper,female,9.546666667,31.80571429,2,103,2,3,0.088571428,-0.04068836,-0.112661972,-0.00977822
986,Diamond_et_al_2018,terrestrial,Cle_rural,41.55624395,-81.36534927,21,29,4.666666667,5.4,0.091666667,CTmin,lower,female,9.546666667,31.80571429,2,103,2,3,0.123333333,-0.04068836,-0.112661972,-0.00977822
996,Diamond_et_al_2018,terrestrial,Cle_rural,41.55624395,-81.36534927,21,29,46.875,47.43333333,0.069791666,CTmax,upper,uncertain,9.546666667,31.80571429,2,103,2,3,0.084464237,-0.04068836,-0.112661972,-0.00977822
1006,Diamond_et_al_2018,terrestrial,Cle_rural,41.55624395,-81.36534927,21,29,2.101123596,5.022222222,0.365137328,CTmin,lower,uncertain,9.546666667,31.80571429,2,103,2,3,0.397776529,-0.04068836,-0.112661972,-0.00977822
1016,Diamond_et_al_2018,terrestrial,Cle_urban,41.5115159,-81.60795594,21,29,47.5,48,0.0625,CTmax,upper,female,10.36766667,32.20766667,2,103,2,3,0.061904762,-0.04068836,-0.112661972,-0.00977822
1026,Diamond_et_al_2018,terrestrial,Cle_urban,41.5115159,-81.60795594,21,29,6,7.857142857,0.232142857,CTmin,lower,female,10.36766667,32.20766667,2,103,2,3,0.222857143,-0.04068836,-0.112661972,-0.00977822
1036,Diamond_et_al_2018,terrestrial,Cle_urban,41.5115159,-81.60795594,21,29,46.98958333,47.8045977,0.101876796,CTmax,upper,uncertain,10.36766667,32.20766667,2,103,2,3,0.116887315,-0.04068836,-0.112661972,-0.00977822
1046,Diamond_et_al_2018,terrestrial,Cle_urban,41.5115159,-81.60795594,21,29,4.315789474,6.942528736,0.328342408,CTmin,lower,uncertain,10.36766667,32.20766667,2,103,2,3,0.31768111,-0.04068836,-0.112661972,-0.00977822
1056,Diamond_et_al_2018,terrestrial,Knx_rural,35.74581486,-83.82361927,21,29,47.66666667,47.4,-0.033333334,CTmax,upper,female,14.44474359,29.66205128,2,103,2,3,-0.031428572,-0.04068836,-0.112661972,-0.00977822
1066,Diamond_et_al_2018,terrestrial,Knx_rural,35.74581486,-83.82361927,21,29,7,9.428571429,0.303571429,CTmin,lower,female,14.44474359,29.66205128,2,103,2,3,0.352857143,-0.04068836,-0.112661972,-0.00977822
1076,Diamond_et_al_2018,terrestrial,Knx_rural,35.74581486,-83.82361927,21,29,47.48684211,47.95402299,0.05839761,CTmax,upper,uncertain,14.44474359,29.66205128,2,103,2,3,0.077324149,-0.04068836,-0.112661972,-0.00977822
1086,Diamond_et_al_2018,terrestrial,Knx_rural,35.74581486,-83.82361927,21,29,3.973684211,7.512195122,0.442313864,CTmin,lower,uncertain,14.44474359,29.66205128,2,103,2,3,0.461246184,-0.04068836,-0.112661972,-0.00977822
1096,Diamond_et_al_2018,terrestrial,Knx_urban,35.90566913,-83.95320703,21,29,46.75,47.6,0.10625,CTmax,upper,female,14.93666667,29.83375,2,103,2,3,0.081666666,-0.04068836,-0.112661972,-0.00977822
1106,Diamond_et_al_2018,terrestrial,Knx_urban,35.90566913,-83.95320703,21,29,7.666666667,11.2,0.441666667,CTmin,lower,female,14.93666667,29.83375,2,103,2,3,0.440833333,-0.04068836,-0.112661972,-0.00977822
1116,Diamond_et_al_2018,terrestrial,Knx_urban,35.90566913,-83.95320703,21,29,47.23076923,48.38356164,0.144099051,CTmax,upper,uncertain,14.93666667,29.83375,2,103,2,3,0.156370659,-0.04068836,-0.112661972,-0.00977822
1126,Diamond_et_al_2018,terrestrial,Knx_urban,35.90566913,-83.95320703,21,29,5.506493506,10.13043478,0.577992659,CTmin,lower,uncertain,14.93666667,29.83375,2,103,2,3,0.592840556,-0.04068836,-0.112661972,-0.00977822
1133,Sasaki_and_Dam_2019,ocean,CT,41.320591,-72.001564,18,22,25.92,29.2544,0.8336,LD50_high,upper,female,11.86499977,17.6170001,3,2,2,8,0.8336,0.033684895,0.070056438,-0.139938413
1134,Sasaki_and_Dam_2019,ocean,KL,25.283653,-80.330295,18,22,31.99242,33.82464,0.458055,LD50_high,upper,female,26.73399925,8.455999374,3,2,2,8,0.458055,0.033684895,0.070056438,-0.139938413
1135,Sasaki_and_Dam_2019,ocean,ME,44.615086,-67.497436,18,22,25.9379,29.21343,0.8188825,LD50_high,upper,female,8.265999794,13.52999997,3,2,2,8,0.8188825,0.033684895,0.070056438,-0.139938413
1136,Sasaki_and_Dam_2019,ocean,MR,27.541441,-82.688451,18,22,28.917,28.917,0,LD50_high,upper,female,24.82999992,13.42499924,3,2,2,8,1.26E-15,0.033684895,0.070056438,-0.139938413
1137,Sasaki_and_Dam_2019,ocean,NS,29.037478,-80.908512,18,22,26.48557,30.13375,0.912045,LD50_high,upper,female,24.00300026,9.793001175,3,2,2,8,0.912045,0.033684895,0.070056438,-0.139938413
1138,Sasaki_and_Dam_2019,ocean,PG,26.940398,-82.051036,18,22,29.2356,31.2526,0.50425,LD50_high,upper,female,26.33499908,13.22299767,3,2,2,8,0.50425,0.033684895,0.070056438,-0.139938413
1139,Sasaki_and_Dam_2019,ocean,PR,26.484712,-82.011192,18,22,29.51297,31.20154,0.4221425,LD50_high,upper,female,26.64599991,11.39900017,3,2,2,8,0.4221425,0.033684895,0.070056438,-0.139938413
1140,Sasaki_and_Dam_2019,ocean,SA,45.100059,-67.055032,18,22,26.3281,30.497,1.042225,LD50_high,upper,female,8.222000122,14.31099999,3,2,2,8,1.042225,0.033684895,0.070056438,-0.139938413
1141,Sasaki_and_Dam_2019,ocean,SB,46.27291,-64.575143,18,22,24.295,30.3619,1.516725,LD50_high,upper,female,7.721000195,20.10299969,3,2,2,8,1.516725,0.033684895,0.070056438,-0.139938413
1142,Sasaki_and_Dam_2019,ocean,SP,27.633728,-82.6674,18,22,26.5059,29.644,0.784525,LD50_high,upper,female,25.02199936,13.68099976,3,2,2,8,0.784525,0.033684895,0.070056438,-0.139938413
1143,Sasaki_et_al_2019,ocean,CT,41.320591,-72.001564,18,22,30.2282,31.55975,0.3328875,LD50_high,upper,female,11.86499977,17.6170001,3,2,2,8,0.3328875,0.02151588,0.070414731,-0.082743347
1144,Sasaki_et_al_2019,ocean,CT,41.320591,-72.001564,18,22,27.85826,29.29172,0.358365,LD50_high,upper,male,11.86499977,17.6170001,3,2,2,8,0.358365,0.02151588,0.070414731,-0.082743347
1145,Sasaki_et_al_2019,ocean,PG,26.940398,-82.051036,18,22,31.48687,31.6295,0.0356575,LD50_high,upper,female,26.33499908,13.22299767,3,2,2,8,0.0356575,0.02151588,0.070414731,-0.082743347
1146,Sasaki_et_al_2019,ocean,PG,26.940398,-82.051036,18,22,30.04441,30.19157,0.03679,LD50_high,upper,male,26.33499908,13.22299767,3,2,2,8,0.03679,0.02151588,0.070414731,-0.082743347
1147,Pereira_et_al_2017,intertidal,AB,33.736857,-118.373817,20,25,35.727,36.963,0.2472,LD50_high,upper,female,18.8,20.15,3,104,2,8,0.2472,-0.001994946,0.004885341,0.005065802
1148,Pereira_et_al_2017,intertidal,BDM,42.197075,-124.374844,20,25,35.066,35.723,0.1314,LD50_high,upper,female,12.725,14.075,3,104,2,8,0.1314,-0.001994946,0.004885341,0.005065802
1149,Pereira_et_al_2017,intertidal,BR,32.814202,-117.273379,20,25,36.75,38.03,0.256,LD50_high,upper,female,18.45,18.325,3,104,2,8,0.256,-0.001994946,0.004885341,0.005065802
1150,Pereira_et_al_2017,intertidal,BUF,31.723725,-116.721815,20,25,36.663,37.21,0.1094,LD50_high,upper,female,18.78,17.92,3,104,2,8,0.1094,-0.001994946,0.004885341,0.005065802
1151,Pereira_et_al_2017,intertidal,HEC,44.115493,-124.124432,20,25,34.622,35.018,0.0792,LD50_high,upper,female,12,14.525,3,104,2,8,0.0792,-0.001994946,0.004885341,0.005065802
1152,Pereira_et_al_2017,intertidal,PAC,48.829826,-125.151682,20,25,34.276,35.51,0.2468,LD50_high,upper,female,10.74,13.4,3,104,2,8,0.2468,-0.001994946,0.004885341,0.005065802
1153,Pereira_et_al_2017,intertidal,PES,37.259631,-122.414116,20,25,35.043,36.384,0.2682,LD50_high,upper,female,14.075,12.075,3,104,2,8,0.2682,-0.001994946,0.004885341,0.005065802
1154,Pereira_et_al_2017,intertidal,RC,50.579756,-128.237292,20,25,33.813,34.425,0.1224,LD50_high,upper,female,9.8,10.3,3,104,2,8,0.1224,-0.001994946,0.004885341,0.005065802
1155,Pereira_et_al_2017,intertidal,SCN,36.949433,-122.046358,20,25,34.696,35.764,0.2136,LD50_high,upper,female,14.48,14.34,3,104,2,8,0.2136,-0.001994946,0.004885341,0.005065802
1156,Pereira_et_al_2017,intertidal,SD,32.744828,-117.255264,20,25,36.415,37.437,0.2044,LD50_high,upper,female,18.36666667,18.13333333,3,104,2,8,0.2044,-0.001994946,0.004885341,0.005065802
1157,Pereira_et_al_2017,intertidal,SRQ,27.179937,-114.397685,20,25,37.638,38.46,0.1644,LD50_high,upper,female,20.16666667,14.26666667,3,104,2,8,0.1644,-0.001994946,0.004885341,0.005065802
1158,Sasaki_et_al_2019,ocean,CT,41.320591,-72.001564,18,22,30.2282,31.55975,0.3328875,LD50_high,upper,female,11.86499977,17.6170001,3,2,2,8,0.3328875,0.02151588,0.070414731,-0.082743347
1159,Sasaki_et_al_2019,ocean,CT,41.320591,-72.001564,18,22,27.85826,29.29172,0.358365,LD50_high,upper,male,11.86499977,17.6170001,3,2,2,8,0.358365,0.02151588,0.070414731,-0.082743347
1160,Sasaki_et_al_2019,ocean,PG,26.940398,-82.051036,18,22,31.48687,31.6295,0.0356575,LD50_high,upper,female,26.33499908,13.22299767,3,2,2,8,0.0356575,0.02151588,0.070414731,-0.082743347
1161,Sasaki_et_al_2019,ocean,PG,26.940398,-82.051036,18,22,30.04441,30.19157,0.03679,LD50_high,upper,male,26.33499908,13.22299767,3,2,2,8,0.03679,0.02151588,0.070414731,-0.082743347
1162,Kelly_et_al_2012,intertidal,BR,38.303333,-123.059559,19,28,34.77272727,35.67689394,0.100462963,LD50_high,upper,male,14.8,16.425,3,104,2,8,0.100462963,-0.00266695,0.007214583,0.009202204
1163,Kelly_et_al_2012,intertidal,FC,44.83,-124.05,19,28,35.35950413,35.89544163,0.059548611,LD50_high,upper,male,11.66,15.28,3,104,2,8,0.059548611,-0.00266695,0.007214583,0.009202204
1164,Kelly_et_al_2012,intertidal,PP,27,-114.03,19,28,38.2768595,39.25758867,0.108969908,LD50_high,upper,male,21.5,18.3,3,104,2,8,0.108969908,-0.00266695,0.007214583,0.009202204
1165,Kelly_et_al_2012,intertidal,SA,38.573651,-123.339033,19,28,34.79752066,35.58137483,0.087094908,LD50_high,upper,male,14.5,14.92,3,104,2,8,0.087094908,-0.00266695,0.007214583,0.009202204
1166,Kelly_et_al_2012,intertidal,SH,44.25,-124.1,19,28,35.23553719,35.88084969,0.071701389,LD50_high,upper,male,11.125,14.75,3,104,2,8,0.071701389,-0.00266695,0.007214583,0.009202204
1167,Kelly_et_al_2012,intertidal,SR,28.65,-114.25,19,28,37.79752066,38.84022899,0.115856481,LD50_high,upper,male,22.3,21.15,3,104,2,8,0.115856481,-0.00266695,0.007214583,0.009202204
1168,Tepolt_et_al_2014,intertidal,North_Harbour,47.8459,-54.0969,5,25,34.1,36.5,0.12,LD50_high,upper,uncertain,5.64,28.6,1,18,2,9,0.12,-0.003935397,-0.003706116,-0.048228717
1169,Tepolt_et_al_2014,intertidal,Seadrift_Lagoon,37.9079,-122.673,5,25,29.7,36.4,0.335,LD50_high,upper,uncertain,14.7,16.025,1,18,2,9,0.335,-0.003935397,-0.003706116,-0.048228717
1170,Tepolt_et_al_2014,intertidal,Seixal,38.6455,-9.1036,5,25,35.5,37.3,0.09,LD50_high,upper,uncertain,17,15.54,1,18,2,9,0.09,-0.003935397,-0.003706116,-0.048228717
1171,Tepolt_et_al_2014,intertidal,Skitnepollen,60.5061,5.0226,5,25,34.2,36.1,0.095,LD50_high,upper,uncertain,7.942857143,16.7,1,18,2,9,0.095,-0.003935397,-0.003706116,-0.048228717
1172,Tepolt_et_al_2014,intertidal,Toquart_Bay,49.0203,-125.359,5,25,34.9,35.5,0.03,LD50_high,upper,uncertain,10.625,14.625,1,18,2,9,0.03,-0.003935397,-0.003706116,-0.048228717
1173,Tepolt_et_al_2014,intertidal,Tuckerton,39.5095,-74.3248,5,25,35.8,36.3,0.025,LD50_high,upper,uncertain,13.1,27.56666667,1,18,2,9,0.025,-0.003935397,-0.003706116,-0.048228717
1174,Tepolt_et_al_2014,intertidal,Walpole,43.9351,-69.5809,5,25,35.1,37,0.095,LD50_high,upper,uncertain,7.98,29.22,1,18,2,9,0.095,-0.003935397,-0.003706116,-0.048228717
1175,Villeneuve_et_al,ocean,Beaufort,34.718,-76.671,20,24,39.2756072,38.32249735,-0.238277462,LD50_high,upper,uncertain,20.77199936,14.97000027,2,106,6,33,-0.238277462,-0.095257649,-0.0309503,0.163606425
1176,Villeneuve_et_al,ocean,Folly Beach,32.66,-79.943,20,24,39.9487719,39.1215801,-0.20679795,LD50_high,upper,uncertain,21.73500061,15.81299973,2,106,6,33,-0.20679795,-0.095257649,-0.0309503,0.163606425
1177,Villeneuve_et_al,ocean,Oyster,37.288,-75.924,20,24,39.51217395,36.96839395,-0.635945,LD50_high,upper,uncertain,16.00399971,28.65999913,2,106,6,33,-0.635945,-0.095257649,-0.0309503,0.163606425
1178,Armstong_et_al_2020,terrestrial,Exit_Glacier_AK,60.18795,-149.6312833,4,20,-29.81377318,-9.704653169,1.256820001,LD50_low,lower,uncertain,2.583333333,22.13333333,1,6,7,29,1.256820001,0.006867624,-0.010760475,-0.052830394
1179,Armstong_et_al_2020,terrestrial,Goodnews_Bay_AK,59.1166667,-161.58333,4,20,-27.65280678,-12.84935036,0.925216026,LD50_low,lower,uncertain,1.128571429,25.55714286,1,6,7,29,0.925216026,0.006867624,-0.010760475,-0.052830394
1180,Armstong_et_al_2020,terrestrial,Grant_Lagoon_Kodiak_AK,57.37,-154.65,4,20,-23.33244964,-11.4111571,0.745080784,LD50_low,lower,uncertain,4.483333333,15.6,1,6,7,29,0.745080784,0.006867624,-0.010760475,-0.052830394
1181,Armstong_et_al_2020,terrestrial,Portage_Glacier_AK,60.7916167,-148.90213,4,20,-12.58644191,-9.311340928,0.204693811,LD50_low,lower,uncertain,3.375,25.3625,1,6,7,29,0.204693811,0.006867624,-0.010760475,-0.052830394
1182,Armstong_et_al_2020,terrestrial,Ptarmigan_Creek_AK,65.4529,-145.5075657,4,20,-21.35861043,-10.35427114,0.687771206,LD50_low,lower,uncertain,-5.725,45.3875,1,6,7,29,0.687771206,0.006867624,-0.010760475,-0.052830394
1183,Armstong_et_al_2020,terrestrial,Rainbow_ridge_AK,63.32,-145.64,4,20,-3.217102055,-10.02931209,-0.425763127,LD50_low,lower,uncertain,-6.871428571,36.77142857,1,6,7,29,-0.425763127,0.006867624,-0.010760475,-0.052830394
1184,Armstong_et_al_2020,terrestrial,Strathcona_Park_BC,49.82915,-125.8728,4,20,-20.78604925,-9.716357998,0.691855703,LD50_low,lower,uncertain,7.22,21.42,1,6,7,29,0.691855703,0.006867624,-0.010760475,-0.052830394
1185,Armstong_et_al_2020,terrestrial,Taiwan,24,121,4,20,-14.52569185,-7.910062901,0.413476809,LD50_low,lower,uncertain,18.05,18.8,1,6,7,29,0.413476809,0.006867624,-0.010760475,-0.052830394
1186,Armstong_et_al_2020,terrestrial,Thompson_Pass_AK,61.13,-145.73,4,20,-26.800005,-10.62100617,1.011187427,LD50_low,lower,uncertain,-1.475,28.7125,1,6,7,29,1.011187427,0.006867624,-0.010760475,-0.052830394
1187,Armstong_et_al_2020,terrestrial,Bailey's_Harbor_WI,45.07036,-87.1711,4,20,-14.63508697,-14.0455688,0.036844886,LD50_low,lower,uncertain,6.78,30.08,1,7,7,29,0.036844886,0.006867624,-0.010760475,-0.052830394
1188,Armstong_et_al_2020,terrestrial,Cedar_Mountain_NC,36.426667,-79.93777778,4,20,-18.05094602,-9.863268598,0.511729839,LD50_low,lower,uncertain,14.74,30.3,1,7,7,29,0.511729839,0.006867624,-0.010760475,-0.052830394
1189,Armstong_et_al_2020,terrestrial,Esja_Mountain_Iceland,64.2,-21.7,4,20,-32.62608326,-16.77459452,0.990718046,LD50_low,lower,uncertain,4.6375,15.425,1,7,7,29,0.990718046,0.006867624,-0.010760475,-0.052830394
1190,Armstong_et_al_2020,terrestrial,Exeter_McNair_England,50.72,-3.53,4,20,-12.59724636,-9.322145385,0.204693811,LD50_low,lower,uncertain,10.925,15.125,1,7,7,29,0.204693811,0.006867624,-0.010760475,-0.052830394
1191,Armstong_et_al_2020,terrestrial,Plech_Germany,49.65,11.47,4,20,-11.74699564,-9.585428989,0.135097916,LD50_low,lower,uncertain,8.25,26.18333333,1,7,7,29,0.135097916,0.006867624,-0.010760475,-0.052830394
1192,Armstong_et_al_2020,terrestrial,Presque_Isle_PA,42.14,-80.11,4,20,-19.68091838,-12.01718209,0.478983518,LD50_low,lower,uncertain,9.9,31.9,1,7,7,29,0.478983518,0.006867624,-0.010760475,-0.052830394
1193,Armstong_et_al_2020,terrestrial,Reykjavik_Iceland,64,-21,4,20,-12.32045719,-7.997323896,0.270195831,LD50_low,lower,uncertain,3.9125,14.7125,1,7,7,29,0.270195831,0.006867624,-0.010760475,-0.052830394
1194,Armstrong_et_al_2015,terrestrial,Elk_River,49.846,-125.85,4,20,-19.5,-9.1,0.65,LD50_low,lower,uncertain,7.966666667,21.66666667,2,6,7,29,0.65,-0.009063538,-0.009337698,-0.053015313
1195,Armstrong_et_al_2015,terrestrial,Portage_Glacier,60.82,-148.97,4,20,-21.6,-10.5,0.69375,LD50_low,lower,uncertain,4.1,25.875,2,6,7,29,0.69375,-0.009063538,-0.009337698,-0.053015313
1196,Armstrong_et_al_2015,terrestrial,Ptarmigan_Creek,65.05,-147.6,4,20,-17.2,-9.8,0.4625,LD50_low,lower,uncertain,-2.725,44.8625,2,6,7,29,0.4625,-0.009063538,-0.009337698,-0.053015313
1197,Armstong_et_al_2020,terrestrial,Exit_Glacier_AK,60.18795,-149.6312833,4,20,-29.81377318,-9.704653169,1.256820001,LD50_low,lower,uncertain,2.583333333,22.13333333,1,6,7,29,1.256820001,0.006867624,-0.010760475,-0.052830394
1198,Armstong_et_al_2020,terrestrial,Goodnews_Bay_AK,59.1166667,-161.58333,4,20,-27.65280678,-12.84935036,0.925216026,LD50_low,lower,uncertain,1.128571429,25.55714286,1,6,7,29,0.925216026,0.006867624,-0.010760475,-0.052830394
1199,Armstong_et_al_2020,terrestrial,Grant_Lagoon_Kodiak_AK,57.37,-154.65,4,20,-23.33244964,-11.4111571,0.745080784,LD50_low,lower,uncertain,4.483333333,15.6,1,6,7,29,0.745080784,0.006867624,-0.010760475,-0.052830394
1200,Armstong_et_al_2020,terrestrial,Portage_Glacier_AK,60.7916167,-148.90213,4,20,-12.58644191,-9.311340928,0.204693811,LD50_low,lower,uncertain,3.375,25.3625,1,6,7,29,0.204693811,0.006867624,-0.010760475,-0.052830394
1201,Armstong_et_al_2020,terrestrial,Ptarmigan_Creek_AK,65.4529,-145.5075657,4,20,-21.35861043,-10.35427114,0.687771206,LD50_low,lower,uncertain,-5.725,45.3875,1,6,7,29,0.687771206,0.006867624,-0.010760475,-0.052830394
1202,Armstong_et_al_2020,terrestrial,Rainbow_ridge_AK,63.32,-145.64,4,20,-3.217102055,-10.02931209,-0.425763127,LD50_low,lower,uncertain,-6.871428571,36.77142857,1,6,7,29,-0.425763127,0.006867624,-0.010760475,-0.052830394
1203,Armstong_et_al_2020,terrestrial,Strathcona_Park_BC,49.82915,-125.8728,4,20,-20.78604925,-9.716357998,0.691855703,LD50_low,lower,uncertain,7.22,21.42,1,6,7,29,0.691855703,0.006867624,-0.010760475,-0.052830394
1204,Armstong_et_al_2020,terrestrial,Taiwan,24,121,4,20,-14.52569185,-7.910062901,0.413476809,LD50_low,lower,uncertain,18.05,18.8,1,6,7,29,0.413476809,0.006867624,-0.010760475,-0.052830394
1205,Armstong_et_al_2020,terrestrial,Thompson_Pass_AK,61.13,-145.73,4,20,-26.800005,-10.62100617,1.011187427,LD50_low,lower,uncertain,-1.475,28.7125,1,6,7,29,1.011187427,0.006867624,-0.010760475,-0.052830394
1206,Armstong_et_al_2020,terrestrial,Bailey's_Harbor_WI,45.07036,-87.1711,4,20,-14.63508697,-14.0455688,0.036844886,LD50_low,lower,uncertain,6.78,30.08,1,7,7,29,0.036844886,0.006867624,-0.010760475,-0.052830394
1207,Armstong_et_al_2020,terrestrial,Cedar_Mountain_NC,36.426667,-79.93777778,4,20,-18.05094602,-9.863268598,0.511729839,LD50_low,lower,uncertain,14.74,30.3,1,7,7,29,0.511729839,0.006867624,-0.010760475,-0.052830394
1208,Armstong_et_al_2020,terrestrial,Esja_Mountain_Iceland,64.2,-21.7,4,20,-32.62608326,-16.77459452,0.990718046,LD50_low,lower,uncertain,4.6375,15.425,1,7,7,29,0.990718046,0.006867624,-0.010760475,-0.052830394
1209,Armstong_et_al_2020,terrestrial,Exeter_McNair_England,50.72,-3.53,4,20,-12.59724636,-9.322145385,0.204693811,LD50_low,lower,uncertain,10.925,15.125,1,7,7,29,0.204693811,0.006867624,-0.010760475,-0.052830394
1210,Armstong_et_al_2020,terrestrial,Plech_Germany,49.65,11.47,4,20,-11.74699564,-9.585428989,0.135097916,LD50_low,lower,uncertain,8.25,26.18333333,1,7,7,29,0.135097916,0.006867624,-0.010760475,-0.052830394
1211,Armstong_et_al_2020,terrestrial,Presque_Isle_PA,42.14,-80.11,4,20,-19.68091838,-12.01718209,0.478983518,LD50_low,lower,uncertain,9.9,31.9,1,7,7,29,0.478983518,0.006867624,-0.010760475,-0.052830394
1212,Armstong_et_al_2020,terrestrial,Reykjavik_Iceland,64,-21,4,20,-12.32045719,-7.997323896,0.270195831,LD50_low,lower,uncertain,3.9125,14.7125,1,7,7,29,0.270195831,0.006867624,-0.010760475,-0.052830394
1213,Park_et_al_2018,terrestrial,IT,42.117,12.48,4,22,-9.6,-4.6,0.277777778,LD50_low,lower,uncertain,15.28333333,26.25,2,8,7,29,0.277777778,0.006177913,2.044444444,-0.045634921
1214,Park_et_al_2018,terrestrial,SW,62.8,18.2,4,22,-12.4,-5.1,0.405555556,LD50_low,lower,uncertain,4.625,26.3125,2,8,7,29,0.405555556,0.006177913,2.044444444,-0.045634921